<?xml version = '1.0' encoding = 'UTF-8'?>
<TriggerOraclev10g class="oracle.dbtools.crest.model.design.storage.oracle.v10g.TriggerOraclev10g" name="TRG_LOG_CUESTIONARIO_EMP" directorySegmentName="seg_0" id="D6BC8981-BEDE-3A67-E373-92E97A636F87">
<sourceConnName>CDO_OKR@local</sourceConnName>
<sourceObjSchema>CDO_OKR</sourceObjSchema>
<sourceObjName>TRG_LOG_CUESTIONARIO_EMP</sourceObjName>
<createdBy>lcast</createdBy>
<createdTime>2022-06-20 16:20:28 UTC</createdTime>
<ownerDesignName>ModeloER</ownerDesignName>
<actions>UPDATE</actions>
<body><![CDATA[BEGIN
    -- Insert new values into log table.
    INSERT INTO TF_CUESTIONAIRO_EMP_LOG 
    (cuestionario_empleado_id, empleado_id, estatus_cuestionario_id, has_exception, LAST_UPDATE)
    VALUES (
		:NEW.cuestionario_empleado_id, :neW.EMPLEADO_ID, :OLD.estatus_cuestionario_id, :NEW.has_exception, SYSDATE);
END;]]></body>
<triggerTime>AFTER</triggerTime>
<columns>B572DB3A-70FC-7630-DC3A-D306DF513665</columns>
<owner>1A7CCB2D-E72B-7640-46FD-3680BD49DBD4</owner>
<table>8BD33421-DD7C-8574-37B4-1164602B32E9</table>
</TriggerOraclev10g>