<?xml version = '1.0' encoding = 'UTF-8'?>
<FKIndexAssociation class="oracle.dbtools.crest.model.design.relational.FKIndexAssociation" directorySegmentName="seg_0" id="03E04CFC-E550-65BC-CC0C-D1DDEB96C664" containerWithKeyObject="C839EC9E-55C6-0D2A-739F-CEC718CA7A8A" localFKIndex="6915944F-B1BE-AD89-2CA8-7399F05731F1" name="FK_OKR_CAT_AREAS_EMPLEADO_AREA_XREF">
<sourceConnName>CDO_OKR@local</sourceConnName>
<sourceObjSchema>CDO_OKR</sourceObjSchema>
<sourceObjName>FK_OKR_CAT_AREAS_EMPLEADO_AREA_XREF</sourceObjName>
<createdBy>lcast</createdBy>
<createdTime>2022-06-20 16:20:28 UTC</createdTime>
<ownerDesignName>ModeloER</ownerDesignName>
<referredTableLongName>CDO_OKR.OKR_CAT_AREAS</referredTableLongName>
<deleteRule>CASCADE</deleteRule>
<mandatory>true</mandatory>
<refColNames>AREA_ID</refColNames>
<transferable>true</transferable>
<rely>false</rely>
<columnDependencyConstraintGenerateInDDL>true</columnDependencyConstraintGenerateInDDL>
</FKIndexAssociation>