<?xml version = '1.0' encoding = 'UTF-8'?>
<FKIndexAssociation class="oracle.dbtools.crest.model.design.relational.FKIndexAssociation" directorySegmentName="seg_0" id="0485E6E3-D1A0-AF13-54BA-7C88AEBF59BA" containerWithKeyObject="A76E68B0-A84D-9D21-7072-F8A090C8DB73" localFKIndex="4BA9579C-65D1-AD73-9D4A-B8EB1BF3274C" name="FK_OKR_EMPLEADOS_EMPEADOS_CENTROS_FINANCIEROS_XREF">
<sourceConnName>CDO_OKR@local</sourceConnName>
<sourceObjSchema>CDO_OKR</sourceObjSchema>
<sourceObjName>FK_OKR_EMPLEADOS_EMPEADOS_CENTROS_FINANCIEROS_XREF</sourceObjName>
<createdBy>lcast</createdBy>
<createdTime>2022-06-20 16:20:28 UTC</createdTime>
<ownerDesignName>ModeloER</ownerDesignName>
<referredTableLongName>CDO_OKR.OKR_EMPLEADOS</referredTableLongName>
<deleteRule>CASCADE</deleteRule>
<referredTableID>B95D6159-BAE0-FB0C-2B6D-AE4CFBB1F86C</referredTableID>
<keyObject>1E0F057C-5B08-B7BF-0F20-C7CC040A8A2F</keyObject>
<referredKeyID>1E0F057C-5B08-B7BF-0F20-C7CC040A8A2F</referredKeyID>
<mandatory>true</mandatory>
<refColNames>EMPLEADO_ID</refColNames>
<transferable>true</transferable>
<rely>false</rely>
<columnDependencyConstraintGenerateInDDL>true</columnDependencyConstraintGenerateInDDL>
</FKIndexAssociation>