<?xml version = '1.0' encoding = 'UTF-8'?>
<FKIndexAssociation class="oracle.dbtools.crest.model.design.relational.FKIndexAssociation" directorySegmentName="seg_0" id="171FE5A2-DCF6-CA4A-6E50-6AC997703C49" containerWithKeyObject="8BD33421-DD7C-8574-37B4-1164602B32E9" localFKIndex="FDAE3795-6D0B-B4D6-BE83-90DA42D640B6" name="FK_EMPLEADO_CUESTIONARIO_XREF">
<sourceConnName>CDO_OKR@local</sourceConnName>
<sourceObjSchema>CDO_OKR</sourceObjSchema>
<sourceObjName>FK_EMPLEADO_CUESTIONARIO_XREF</sourceObjName>
<createdBy>lcast</createdBy>
<createdTime>2022-06-20 16:20:28 UTC</createdTime>
<ownerDesignName>ModeloER</ownerDesignName>
<referredTableLongName>CDO_OKR.OKR_EMPLEADOS</referredTableLongName>
<deleteRule>CASCADE</deleteRule>
<referredTableID>B95D6159-BAE0-FB0C-2B6D-AE4CFBB1F86C</referredTableID>
<keyObject>1E0F057C-5B08-B7BF-0F20-C7CC040A8A2F</keyObject>
<referredKeyID>1E0F057C-5B08-B7BF-0F20-C7CC040A8A2F</referredKeyID>
<mandatory>true</mandatory>
<refColNames>EMPLEADO_ID</refColNames>
<transferable>true</transferable>
<rely>false</rely>
<columnDependencyConstraintGenerateInDDL>true</columnDependencyConstraintGenerateInDDL>
</FKIndexAssociation>