<?xml version = '1.0' encoding = 'UTF-8'?>
<FKIndexAssociation class="oracle.dbtools.crest.model.design.relational.FKIndexAssociation" directorySegmentName="seg_0" id="1C36A5AB-F9E3-1874-92C8-1D84BBCC0B15" containerWithKeyObject="BC24A00B-12A0-A555-8F8F-D41CD2E93530" localFKIndex="2EB215C8-D6B2-A9A1-CC4E-6A8BD966F184" name="FK_TF_DIA_HO TF_DE_DIAS_HO_XREF">
<sourceConnName>CDO_OKR@local</sourceConnName>
<sourceObjSchema>CDO_OKR</sourceObjSchema>
<sourceObjName>FK_TF_DIA_HO TF_DE_DIAS_HO_XREF</sourceObjName>
<createdBy>lcast</createdBy>
<createdTime>2022-06-20 21:49:39 UTC</createdTime>
<ownerDesignName>ModeloER</ownerDesignName>
<importedID>3F7338B4-04F1-4232-8B2A-43AC0B457324</importedID>
<referredTableLongName>CDO_OKR.TF_CAT_DIAS_HOME_OFFICE</referredTableLongName>
<deleteRule>CASCADE</deleteRule>
<referredTableID>A4C394C4-827B-F5F2-E36E-404F3ED7CE77</referredTableID>
<keyObject>7FF2AE3F-5034-DF2C-7470-E69653790289</keyObject>
<referredKeyID>7FF2AE3F-5034-DF2C-7470-E69653790289</referredKeyID>
<mandatory>true</mandatory>
<refColNames>DIA_HOME_OFFICE_ID</refColNames>
<transferable>true</transferable>
<rely>false</rely>
<columnDependencyConstraintGenerateInDDL>true</columnDependencyConstraintGenerateInDDL>
</FKIndexAssociation>