<?xml version = '1.0' encoding = 'UTF-8'?>
<FKIndexAssociation class="oracle.dbtools.crest.model.design.relational.FKIndexAssociation" directorySegmentName="seg_0" id="23294137-2010-721B-1FC2-BD63860720AD" containerWithKeyObject="718E4BBA-80A3-362B-668D-A5FB6A8D26BD" localFKIndex="011889B9-4852-6D51-2F97-6E179299600E" name="FK_CUESTIONARIO_PREGUNTA_XREF">
<sourceConnName>CDO_OKR@local</sourceConnName>
<sourceObjSchema>CDO_OKR</sourceObjSchema>
<sourceObjName>FK_CUESTIONARIO_PREGUNTA_XREF</sourceObjName>
<createdBy>lcast</createdBy>
<createdTime>2022-06-20 16:20:28 UTC</createdTime>
<ownerDesignName>ModeloER</ownerDesignName>
<referredTableLongName>CDO_OKR.TF_CUESTIONARIO_EMPLEADO</referredTableLongName>
<deleteRule>CASCADE</deleteRule>
<referredTableID>8BD33421-DD7C-8574-37B4-1164602B32E9</referredTableID>
<keyObject>1C6BE14A-C24D-6C6E-8B1E-02AA5F5084F3</keyObject>
<referredKeyID>1C6BE14A-C24D-6C6E-8B1E-02AA5F5084F3</referredKeyID>
<mandatory>true</mandatory>
<refColNames>CUESTIONARIO_EMPLEADO_ID</refColNames>
<transferable>true</transferable>
<rely>false</rely>
<columnDependencyConstraintGenerateInDDL>true</columnDependencyConstraintGenerateInDDL>
</FKIndexAssociation>