<?xml version = '1.0' encoding = 'UTF-8'?>
<FKIndexAssociation class="oracle.dbtools.crest.model.design.relational.FKIndexAssociation" directorySegmentName="seg_0" id="26C20A80-0DC2-33C8-F8EB-2C0B7B543594" containerWithKeyObject="BC24A00B-12A0-A555-8F8F-D41CD2E93530" localFKIndex="B0455093-088A-3A45-92D8-A93F2804E2C5" name="FK_OKR_CAT_DIR_EJEC_DIAS_HO_XREF">
<sourceConnName>CDO_OKR@local</sourceConnName>
<sourceObjSchema>CDO_OKR</sourceObjSchema>
<sourceObjName>FK_OKR_CAT_DIR_EJEC_DIAS_HO_XREF</sourceObjName>
<createdBy>lcast</createdBy>
<createdTime>2022-06-20 21:49:39 UTC</createdTime>
<ownerDesignName>ModeloER</ownerDesignName>
<importedID>B9D89668-D41D-175F-9C4C-86246A5F085C</importedID>
<referredTableLongName>CDO_OKR.OKR_CAT_DIRECCIONES_EJECUTIVAS</referredTableLongName>
<deleteRule>CASCADE</deleteRule>
<referredTableID>6298D4FD-9830-11EE-A5BE-BCAEA0A3EAC4</referredTableID>
<keyObject>81FEA092-3685-1010-8E14-F834895CD34D</keyObject>
<referredKeyID>81FEA092-3685-1010-8E14-F834895CD34D</referredKeyID>
<mandatory>true</mandatory>
<refColNames>DIRECCION_EJECUTIVA_ID</refColNames>
<transferable>true</transferable>
<rely>false</rely>
<columnDependencyConstraintGenerateInDDL>true</columnDependencyConstraintGenerateInDDL>
</FKIndexAssociation>