<?xml version = '1.0' encoding = 'UTF-8'?>
<FKIndexAssociation class="oracle.dbtools.crest.model.design.relational.FKIndexAssociation" directorySegmentName="seg_0" id="2F59C7BC-4127-EB5C-112F-C8D97B59181C" containerWithKeyObject="A76E68B0-A84D-9D21-7072-F8A090C8DB73" localFKIndex="801A3AEC-593E-7E54-B750-A98D08797FA7" name="FK_OKR_CAT_CENTROS_FINANCIEROS_EMPLEADO_CENTRO_FINANCIERO_XREF">
<sourceConnName>CDO_OKR@local</sourceConnName>
<sourceObjSchema>CDO_OKR</sourceObjSchema>
<sourceObjName>FK_OKR_CAT_CENTROS_FINANCIEROS_EMPLEADO_CENTRO_FINANCIERO_XREF</sourceObjName>
<createdBy>lcast</createdBy>
<createdTime>2022-06-20 16:20:28 UTC</createdTime>
<ownerDesignName>ModeloER</ownerDesignName>
<referredTableLongName>CDO_OKR.OKR_CAT_CENTROS_FINANCIEROS</referredTableLongName>
<deleteRule>CASCADE</deleteRule>
<mandatory>true</mandatory>
<refColNames>CENTRO_FINANCIERO_ID</refColNames>
<transferable>true</transferable>
<rely>false</rely>
<columnDependencyConstraintGenerateInDDL>true</columnDependencyConstraintGenerateInDDL>
</FKIndexAssociation>