<?xml version = '1.0' encoding = 'UTF-8'?>
<FKIndexAssociation class="oracle.dbtools.crest.model.design.relational.FKIndexAssociation" directorySegmentName="seg_0" id="594DB795-BB1B-9B05-043B-B80443382808" containerWithKeyObject="96C71614-82B1-B9C9-8EF6-FDA09766EDEE" localFKIndex="785C8E5B-108E-4B00-3490-26D0E51EADE4" name="FK_EMPLEADO_CONSIDERACION">
<sourceConnName>CDO_OKR@local</sourceConnName>
<sourceObjSchema>CDO_OKR</sourceObjSchema>
<sourceObjName>FK_EMPLEADO_CONSIDERACION</sourceObjName>
<createdBy>lcast</createdBy>
<createdTime>2022-06-20 16:20:28 UTC</createdTime>
<ownerDesignName>ModeloER</ownerDesignName>
<referredTableLongName>CDO_OKR.TF_CUESTIONARIO_EMPLEADO</referredTableLongName>
<deleteRule>CASCADE</deleteRule>
<referredTableID>8BD33421-DD7C-8574-37B4-1164602B32E9</referredTableID>
<keyObject>1C6BE14A-C24D-6C6E-8B1E-02AA5F5084F3</keyObject>
<referredKeyID>1C6BE14A-C24D-6C6E-8B1E-02AA5F5084F3</referredKeyID>
<mandatory>true</mandatory>
<refColNames>CUESTIONARIO_EMPLEADO_ID</refColNames>
<transferable>true</transferable>
<rely>false</rely>
<columnDependencyConstraintGenerateInDDL>true</columnDependencyConstraintGenerateInDDL>
</FKIndexAssociation>