<?xml version = '1.0' encoding = 'UTF-8'?>
<FKIndexAssociation class="oracle.dbtools.crest.model.design.relational.FKIndexAssociation" directorySegmentName="seg_0" id="7EFBDAAC-73BC-CE11-B49C-FBB12601EF03" containerWithKeyObject="4AEFF4A0-75BB-BAF8-BAA6-B9A46D481793" localFKIndex="12518F35-A7FD-1EB5-F9AE-68A6035A91AE" name="FK_EMPLEADO_DIAS_HO_XREF">
<sourceConnName>CDO_OKR@local</sourceConnName>
<sourceObjSchema>CDO_OKR</sourceObjSchema>
<sourceObjName>FK_EMPLEADO_DIAS_HO_XREF</sourceObjName>
<createdBy>lcast</createdBy>
<createdTime>2022-06-20 16:20:28 UTC</createdTime>
<ownerDesignName>ModeloER</ownerDesignName>
<referredTableLongName>CDO_OKR.OKR_EMPLEADOS</referredTableLongName>
<deleteRule>CASCADE</deleteRule>
<referredTableID>B95D6159-BAE0-FB0C-2B6D-AE4CFBB1F86C</referredTableID>
<keyObject>1E0F057C-5B08-B7BF-0F20-C7CC040A8A2F</keyObject>
<referredKeyID>1E0F057C-5B08-B7BF-0F20-C7CC040A8A2F</referredKeyID>
<mandatory>true</mandatory>
<refColNames>EMPLEADO_ID</refColNames>
<transferable>true</transferable>
<rely>false</rely>
<columnDependencyConstraintGenerateInDDL>true</columnDependencyConstraintGenerateInDDL>
</FKIndexAssociation>