<?xml version = '1.0' encoding = 'UTF-8'?>
<FKIndexAssociation class="oracle.dbtools.crest.model.design.relational.FKIndexAssociation" directorySegmentName="seg_0" id="A16C92E7-81D0-CAD7-66BE-0A9EA9A731F3" containerWithKeyObject="AAFBD540-4B52-70BE-ADEA-CDFEA182C977" localFKIndex="1C05E0C0-60BB-6A7E-2186-C563DA30BFFE" name="FK_OKR_EMPLEADOS_EMPLEADO_DIR_EJEC_XREF">
<sourceConnName>CDO_OKR@local</sourceConnName>
<sourceObjSchema>CDO_OKR</sourceObjSchema>
<sourceObjName>FK_OKR_EMPLEADOS_EMPLEADO_DIR_EJEC_XREF</sourceObjName>
<createdBy>lcast</createdBy>
<createdTime>2022-06-20 16:20:28 UTC</createdTime>
<ownerDesignName>ModeloER</ownerDesignName>
<referredTableLongName>CDO_OKR.OKR_EMPLEADOS</referredTableLongName>
<deleteRule>CASCADE</deleteRule>
<referredTableID>B95D6159-BAE0-FB0C-2B6D-AE4CFBB1F86C</referredTableID>
<keyObject>1E0F057C-5B08-B7BF-0F20-C7CC040A8A2F</keyObject>
<referredKeyID>1E0F057C-5B08-B7BF-0F20-C7CC040A8A2F</referredKeyID>
<mandatory>true</mandatory>
<refColNames>EMPLEADO_ID</refColNames>
<transferable>true</transferable>
<rely>false</rely>
<columnDependencyConstraintGenerateInDDL>true</columnDependencyConstraintGenerateInDDL>
</FKIndexAssociation>