<?xml version = '1.0' encoding = 'UTF-8'?>
<FKIndexAssociation class="oracle.dbtools.crest.model.design.relational.FKIndexAssociation" directorySegmentName="seg_0" id="C8DBE9FD-4887-25C1-B822-7CC41C3BDEC1" containerWithKeyObject="718E4BBA-80A3-362B-668D-A5FB6A8D26BD" localFKIndex="FD393FB9-EFE6-4E41-23A4-001498EB57DE" name="FK_PREGUNTA_CUESTIONARIO_XREF">
<sourceConnName>CDO_OKR@local</sourceConnName>
<sourceObjSchema>CDO_OKR</sourceObjSchema>
<sourceObjName>FK_PREGUNTA_CUESTIONARIO_XREF</sourceObjName>
<createdBy>lcast</createdBy>
<createdTime>2022-06-20 16:20:28 UTC</createdTime>
<ownerDesignName>ModeloER</ownerDesignName>
<referredTableLongName>CDO_OKR.TF_CAT_PREGUNTAS</referredTableLongName>
<deleteRule>CASCADE</deleteRule>
<referredTableID>217BA16B-4843-7BF6-39A9-85735457FE1C</referredTableID>
<keyObject>0BDBDD7D-597C-1FF1-F421-2ECB3D6228E1</keyObject>
<referredKeyID>0BDBDD7D-597C-1FF1-F421-2ECB3D6228E1</referredKeyID>
<mandatory>true</mandatory>
<refColNames>PREGUNTA_ID</refColNames>
<transferable>true</transferable>
<rely>false</rely>
<columnDependencyConstraintGenerateInDDL>true</columnDependencyConstraintGenerateInDDL>
</FKIndexAssociation>