<?xml version = '1.0' encoding = 'UTF-8'?>
<FKIndexAssociation class="oracle.dbtools.crest.model.design.relational.FKIndexAssociation" directorySegmentName="seg_0" id="C9F02FAB-C8AC-91B0-8943-4A0461830173" containerWithKeyObject="8BD33421-DD7C-8574-37B4-1164602B32E9" localFKIndex="4CB2E0FD-F0CD-16EB-3EF0-03C5DA154129" name="FK_ESTATUS_CUESTIONARIO">
<sourceConnName>CDO_OKR@local</sourceConnName>
<sourceObjSchema>CDO_OKR</sourceObjSchema>
<sourceObjName>FK_ESTATUS_CUESTIONARIO</sourceObjName>
<createdBy>lcast</createdBy>
<createdTime>2022-06-20 16:20:28 UTC</createdTime>
<ownerDesignName>ModeloER</ownerDesignName>
<referredTableLongName>CDO_OKR.TF_CAT_ESTATUS_CUESTIONARIO</referredTableLongName>
<deleteRule>CASCADE</deleteRule>
<referredTableID>6FBBADE9-0E40-A4C5-9891-87DDFD277294</referredTableID>
<keyObject>D10A6C6D-2935-061F-8B06-D69DF66201C2</keyObject>
<referredKeyID>D10A6C6D-2935-061F-8B06-D69DF66201C2</referredKeyID>
<mandatory>true</mandatory>
<refColNames>ESTATUS_CUESTIONARIO_ID</refColNames>
<transferable>true</transferable>
<rely>false</rely>
<columnDependencyConstraintGenerateInDDL>true</columnDependencyConstraintGenerateInDDL>
</FKIndexAssociation>