<?xml version = '1.0' encoding = 'UTF-8'?>
<FKIndexAssociation class="oracle.dbtools.crest.model.design.relational.FKIndexAssociation" directorySegmentName="seg_0" id="F7220FA8-86FC-AF28-8744-B8C44616702A" containerWithKeyObject="C839EC9E-55C6-0D2A-739F-CEC718CA7A8A" localFKIndex="1155BAEB-E4F6-F6A7-E4CC-FF337ED572AC" name="FK_OKR_EMPLEADOS_EMPLEADO_AREA_XREF">
<sourceConnName>CDO_OKR@local</sourceConnName>
<sourceObjSchema>CDO_OKR</sourceObjSchema>
<sourceObjName>FK_OKR_EMPLEADOS_EMPLEADO_AREA_XREF</sourceObjName>
<createdBy>lcast</createdBy>
<createdTime>2022-06-20 16:20:28 UTC</createdTime>
<ownerDesignName>ModeloER</ownerDesignName>
<referredTableLongName>CDO_OKR.OKR_EMPLEADOS</referredTableLongName>
<deleteRule>CASCADE</deleteRule>
<referredTableID>B95D6159-BAE0-FB0C-2B6D-AE4CFBB1F86C</referredTableID>
<keyObject>1E0F057C-5B08-B7BF-0F20-C7CC040A8A2F</keyObject>
<referredKeyID>1E0F057C-5B08-B7BF-0F20-C7CC040A8A2F</referredKeyID>
<mandatory>true</mandatory>
<refColNames>EMPLEADO_ID</refColNames>
<transferable>true</transferable>
<rely>false</rely>
<columnDependencyConstraintGenerateInDDL>true</columnDependencyConstraintGenerateInDDL>
</FKIndexAssociation>