<?xml version = '1.0' encoding = 'UTF-8'?>
<FKIndexAssociation class="oracle.dbtools.crest.model.design.relational.FKIndexAssociation" directorySegmentName="seg_0" id="F7D035A4-9630-847B-1076-6C707E781FAE" containerWithKeyObject="AAFBD540-4B52-70BE-ADEA-CDFEA182C977" localFKIndex="766E6BAD-6545-916D-7AA5-DFD8A51E1F35" name="FK_OKR_CAT_DIRECCIONES_EJECUTIVAS_EMPLEADO_DIR_EJEC_XREF">
<sourceConnName>CDO_OKR@local</sourceConnName>
<sourceObjSchema>CDO_OKR</sourceObjSchema>
<sourceObjName>FK_OKR_CAT_DIRECCIONES_EJECUTIVAS_EMPLEADO_DIR_EJEC_XREF</sourceObjName>
<createdBy>lcast</createdBy>
<createdTime>2022-06-20 16:20:28 UTC</createdTime>
<ownerDesignName>ModeloER</ownerDesignName>
<referredTableLongName>CDO_OKR.OKR_CAT_DIRECCIONES_EJECUTIVAS</referredTableLongName>
<deleteRule>CASCADE</deleteRule>
<referredTableID>6298D4FD-9830-11EE-A5BE-BCAEA0A3EAC4</referredTableID>
<keyObject>81FEA092-3685-1010-8E14-F834895CD34D</keyObject>
<referredKeyID>81FEA092-3685-1010-8E14-F834895CD34D</referredKeyID>
<mandatory>true</mandatory>
<refColNames>DIRECCION_EJECUTIVA_ID</refColNames>
<transferable>true</transferable>
<rely>false</rely>
<columnDependencyConstraintGenerateInDDL>true</columnDependencyConstraintGenerateInDDL>
</FKIndexAssociation>