<?xml version = '1.0' encoding = 'UTF-8'?>
<FKIndexAssociation class="oracle.dbtools.crest.model.design.relational.FKIndexAssociation" directorySegmentName="seg_0" id="F998F564-6608-7A1F-2132-A152653290A7" containerWithKeyObject="4AEFF4A0-75BB-BAF8-BAA6-B9A46D481793" localFKIndex="C1899062-26C0-5555-5C22-D99DD1BAF9AE" name="FK_DIA_HO_EMPLEADO_XREF">
<sourceConnName>CDO_OKR@local</sourceConnName>
<sourceObjSchema>CDO_OKR</sourceObjSchema>
<sourceObjName>FK_DIA_HO_EMPLEADO_XREF</sourceObjName>
<createdBy>lcast</createdBy>
<createdTime>2022-06-20 16:20:28 UTC</createdTime>
<ownerDesignName>ModeloER</ownerDesignName>
<referredTableLongName>CDO_OKR.TF_CAT_DIAS_HOME_OFFICE</referredTableLongName>
<deleteRule>CASCADE</deleteRule>
<referredTableID>A4C394C4-827B-F5F2-E36E-404F3ED7CE77</referredTableID>
<keyObject>7FF2AE3F-5034-DF2C-7470-E69653790289</keyObject>
<referredKeyID>7FF2AE3F-5034-DF2C-7470-E69653790289</referredKeyID>
<mandatory>true</mandatory>
<refColNames>DIA_HOME_OFFICE_ID</refColNames>
<transferable>true</transferable>
<rely>false</rely>
<columnDependencyConstraintGenerateInDDL>true</columnDependencyConstraintGenerateInDDL>
</FKIndexAssociation>