<?xml version = '1.0' encoding = 'UTF-8'?>
<relationalModel class="oracle.dbtools.crest.model.design.relational.RelationalDesign" name="Relational_1" id="7E328A92-42DE-D303-E9AA-96F2BA0A0A6A" mainViewID="633CB03F-1429-4C99-018B-45C42752AF83">
<createdBy>lcast</createdBy>
<createdTime>2022-06-20 16:19:28 UTC</createdTime>
<ownerDesignName>ModeloER</ownerDesignName>
<shouldBeOpen>false</shouldBeOpen>
<selectedRDBMSSite>79C73AAF-E1A7-E669-7DF0-025EE81A2AFC</selectedRDBMSSite>
<importConnectionStamps>
<importConnectionStamp class="oracle.dbtools.crest.imports.DBConnectionStamp">
<connName>CDO_OKR@local</connName>
<connUser>cdo_okr</connUser>
<connType>1</connType>
</importConnectionStamp>
</importConnectionStamps>
</relationalModel>