<?xml version = '1.0' encoding = 'UTF-8'?>
<TableProxyOraclev12c class="oracle.dbtools.crest.model.design.storage.oracle.v12c.TableProxyOraclev12c" name="TF_EMPLEADO_DIAS_HO_XREF" directorySegmentName="seg_0" id="4AEFF4A0-75BB-BAF8-BAA6-B9A46D481793">
<createdBy>lcast</createdBy>
<createdTime>2022-06-20 16:20:26 UTC</createdTime>
<ownerDesignName>ModeloER</ownerDesignName>
<schemaObject>8AC118B7-BFBB-B66A-79F5-754C941CC663</schemaObject>
<logging>YES</logging>
<partitionedRowMovement>DISABLE</partitionedRowMovement>
<segment>FBBC416B-8A49-D899-963A-5D1E53E82B60</segment>
<tableSpace>0AC4F13F-4238-C6B6-1CEB-B2FB232D935E</tableSpace>
<temporaryChanged>false</temporaryChanged>
<accessDriverType>oracle_loader</accessDriverType>
<rejectLimit></rejectLimit>
<inMemory>NO</inMemory>
<columnProxies itemClass="oracle.dbtools.crest.model.design.storage.oracle.v12c.ColumnProxyOraclev12c">
<ColumnProxy name="EMPLEADO_DIA_HO_ID" id="0D7A7CEC-31ED-47BA-A375-C361C960BB3F">
<createdBy>lcast</createdBy>
<createdTime>2022-06-20 16:20:27 UTC</createdTime>
<ownerDesignName>ModeloER</ownerDesignName>
<autoIncrementDDL>TRIGGER</autoIncrementDDL>
</ColumnProxy>
<ColumnProxy name="DIA_HOME_OFFICE_ID" id="252F8B73-EAE3-0800-86F3-186C02DA85E3">
<createdBy>lcast</createdBy>
<createdTime>2022-06-20 16:20:27 UTC</createdTime>
<ownerDesignName>ModeloER</ownerDesignName>
</ColumnProxy>
<ColumnProxy name="LAST_UPDATE" id="C98CA868-A246-E36E-F27F-62773A4E2E77">
<createdBy>lcast</createdBy>
<createdTime>2022-06-20 16:20:27 UTC</createdTime>
<ownerDesignName>ModeloER</ownerDesignName>
<defaultValue>(sysdate)</defaultValue>
</ColumnProxy>
<ColumnProxy name="ACTIVE_FLAG" id="D6C27BB4-9EBC-56B9-BE3E-8A13C328F40B">
<createdBy>lcast</createdBy>
<createdTime>2022-06-20 16:20:27 UTC</createdTime>
<ownerDesignName>ModeloER</ownerDesignName>
<defaultValue>1</defaultValue>
</ColumnProxy>
<ColumnProxy name="EMPLEADO_ID" id="E6D7EFD5-54F2-211F-7100-5E6C9455312B">
<createdBy>lcast</createdBy>
<createdTime>2022-06-20 16:20:27 UTC</createdTime>
<ownerDesignName>ModeloER</ownerDesignName>
</ColumnProxy>
</columnProxies>
<indexProxies>
<IndexProxy class="oracle.dbtools.crest.model.design.storage.oracle.v10g.IndexProxyOraclev10g" name="IX_TF_EMPLEADO_DIAS_HO_XREF_DIA_HOME_OFFICE_ID" id="42C79B8D-FCB1-19E3-F798-7F84F98A1F97">
<createdBy>lcast</createdBy>
<createdTime>2022-06-20 16:20:27 UTC</createdTime>
<ownerDesignName>ModeloER</ownerDesignName>
<schemaObject>8AC118B7-BFBB-B66A-79F5-754C941CC663</schemaObject>
<segment>D022B4E2-E5C5-F28A-F1E3-C4DDE1BC70D8</segment>
<tableSpace>0AC4F13F-4238-C6B6-1CEB-B2FB232D935E</tableSpace>
</IndexProxy>
<IndexProxy class="oracle.dbtools.crest.model.design.storage.oracle.v10g.IndexProxyOraclev10g" name="IX_TF_EMPLEADO_DIAS_HO_XREF_EMPLEADO_ID" id="993C4504-CC4D-F58A-9868-6B22AAB2B783">
<createdBy>lcast</createdBy>
<createdTime>2022-06-20 16:20:27 UTC</createdTime>
<ownerDesignName>ModeloER</ownerDesignName>
<schemaObject>8AC118B7-BFBB-B66A-79F5-754C941CC663</schemaObject>
<segment>D022B4E2-E5C5-F28A-F1E3-C4DDE1BC70D8</segment>
<tableSpace>0AC4F13F-4238-C6B6-1CEB-B2FB232D935E</tableSpace>
</IndexProxy>
<IndexProxy class="oracle.dbtools.crest.model.design.storage.oracle.v10g.IndexProxyOraclev10g" name="PK_EMPLEADO_DIAS_HO" id="FECE5094-4C50-10CB-636A-B58258520F9E">
<createdBy>lcast</createdBy>
<createdTime>2022-06-20 16:20:27 UTC</createdTime>
<ownerDesignName>ModeloER</ownerDesignName>
<schemaObject>8AC118B7-BFBB-B66A-79F5-754C941CC663</schemaObject>
<segment>D022B4E2-E5C5-F28A-F1E3-C4DDE1BC70D8</segment>
<tableSpace>0AC4F13F-4238-C6B6-1CEB-B2FB232D935E</tableSpace>
</IndexProxy>
</indexProxies>
<foreignKeys>
<ForeignKey class="oracle.dbtools.crest.model.design.storage.oracle.v10g.FKProxyOraclev10g" name="FK_EMPLEADO_DIAS_HO_XREF" id="12518F35-A7FD-1EB5-F9AE-68A6035A91AE">
<createdBy>lcast</createdBy>
<createdTime>2022-06-20 16:20:28 UTC</createdTime>
<ownerDesignName>ModeloER</ownerDesignName>
</ForeignKey>
<ForeignKey class="oracle.dbtools.crest.model.design.storage.oracle.v10g.FKProxyOraclev10g" name="FK_DIA_HO_EMPLEADO_XREF" id="C1899062-26C0-5555-5C22-D99DD1BAF9AE">
<createdBy>lcast</createdBy>
<createdTime>2022-06-20 16:20:28 UTC</createdTime>
<ownerDesignName>ModeloER</ownerDesignName>
</ForeignKey>
</foreignKeys>
<primaryKeys>
<PrimaryKey class="oracle.dbtools.crest.model.design.storage.oracle.v10g.PKProxyOraclev10g" name="PK_EMPLEADO_DIAS_HO" id="7887650E-E840-8912-88E0-89DA8B4DF2BF">
<createdBy>lcast</createdBy>
<createdTime>2022-06-20 16:20:27 UTC</createdTime>
<ownerDesignName>ModeloER</ownerDesignName>
<segment>D022B4E2-E5C5-F28A-F1E3-C4DDE1BC70D8</segment>
<tableSpace>0AC4F13F-4238-C6B6-1CEB-B2FB232D935E</tableSpace>
<existingIndex>FECE5094-4C50-10CB-636A-B58258520F9E</existingIndex>
<indexSegment>D022B4E2-E5C5-F28A-F1E3-C4DDE1BC70D8</indexSegment>
<indexSort>SORTED</indexSort>
<usingIndex>BY INDEX NAME</usingIndex>
</PrimaryKey>
</primaryKeys>
</TableProxyOraclev12c>