<?xml version = '1.0' encoding = 'UTF-8'?>
<TableProxyOraclev12c class="oracle.dbtools.crest.model.design.storage.oracle.v12c.TableProxyOraclev12c" name="OKR_CAT_DIRECCIONES_EJECUTIVAS" directorySegmentName="seg_0" id="6298D4FD-9830-11EE-A5BE-BCAEA0A3EAC4">
<createdBy>lcast</createdBy>
<createdTime>2022-06-20 17:03:27 UTC</createdTime>
<ownerDesignName>ModeloER</ownerDesignName>
<schemaObject>8AC118B7-BFBB-B66A-79F5-754C941CC663</schemaObject>
<logging>YES</logging>
<partitionedRowMovement>DISABLE</partitionedRowMovement>
<segment>FBBC416B-8A49-D899-963A-5D1E53E82B60</segment>
<tableSpace>0AC4F13F-4238-C6B6-1CEB-B2FB232D935E</tableSpace>
<temporaryChanged>false</temporaryChanged>
<accessDriverType>oracle_loader</accessDriverType>
<rejectLimit></rejectLimit>
<inMemory>NO</inMemory>
<columnProxies itemClass="oracle.dbtools.crest.model.design.storage.oracle.v12c.ColumnProxyOraclev12c">
<ColumnProxy name="NUM_DIRECCION_EJECUTIVA" id="37156665-625B-FF98-399F-3C42503FF207">
<createdBy>lcast</createdBy>
<createdTime>2022-06-20 17:03:27 UTC</createdTime>
<ownerDesignName>ModeloER</ownerDesignName>
</ColumnProxy>
<ColumnProxy name="DIRECCION_EJECUTIVA_ID" id="6A8FE859-CD8E-712C-15AC-6DE92435A64D">
<createdBy>lcast</createdBy>
<createdTime>2022-06-20 17:03:27 UTC</createdTime>
<ownerDesignName>ModeloER</ownerDesignName>
<autoIncrementDDL>TRIGGER</autoIncrementDDL>
</ColumnProxy>
<ColumnProxy name="LAST_UPDATE" id="730775C5-110F-B8EB-256F-8DA02B2E9F8A">
<createdBy>lcast</createdBy>
<createdTime>2022-06-20 17:03:27 UTC</createdTime>
<ownerDesignName>ModeloER</ownerDesignName>
<defaultValue>(sysdate)</defaultValue>
</ColumnProxy>
<ColumnProxy name="ACTIVE_FLAG" id="934B0C08-060B-7F93-92DA-10E0ECF6A62F">
<createdBy>lcast</createdBy>
<createdTime>2022-06-20 17:03:27 UTC</createdTime>
<ownerDesignName>ModeloER</ownerDesignName>
<defaultValue>1</defaultValue>
</ColumnProxy>
<ColumnProxy name="DESCRIPCION" id="D6E9CD41-CA60-8C18-884A-D47B236C7774">
<createdBy>lcast</createdBy>
<createdTime>2022-06-20 17:03:27 UTC</createdTime>
<ownerDesignName>ModeloER</ownerDesignName>
</ColumnProxy>
</columnProxies>
<indexProxies>
<IndexProxy class="oracle.dbtools.crest.model.design.storage.oracle.v10g.IndexProxyOraclev10g" name="PK_OKR_CAT_DIRECCIONES_EJECUTIVAS" id="8C39CC03-398C-962D-2A85-8661253E34A7">
<createdBy>lcast</createdBy>
<createdTime>2022-06-20 17:03:27 UTC</createdTime>
<ownerDesignName>ModeloER</ownerDesignName>
<schemaObject>8AC118B7-BFBB-B66A-79F5-754C941CC663</schemaObject>
<segment>D022B4E2-E5C5-F28A-F1E3-C4DDE1BC70D8</segment>
<tableSpace>0AC4F13F-4238-C6B6-1CEB-B2FB232D935E</tableSpace>
</IndexProxy>
</indexProxies>
<primaryKeys>
<PrimaryKey class="oracle.dbtools.crest.model.design.storage.oracle.v10g.PKProxyOraclev10g" name="PK_OKR_CAT_DIRECCIONES_EJECUTIVAS" id="81FEA092-3685-1010-8E14-F834895CD34D">
<createdBy>lcast</createdBy>
<createdTime>2022-06-20 17:03:27 UTC</createdTime>
<ownerDesignName>ModeloER</ownerDesignName>
<segment>D022B4E2-E5C5-F28A-F1E3-C4DDE1BC70D8</segment>
<tableSpace>0AC4F13F-4238-C6B6-1CEB-B2FB232D935E</tableSpace>
<existingIndex>8C39CC03-398C-962D-2A85-8661253E34A7</existingIndex>
<indexSegment>D022B4E2-E5C5-F28A-F1E3-C4DDE1BC70D8</indexSegment>
<indexSort>SORTED</indexSort>
<usingIndex>BY INDEX NAME</usingIndex>
</PrimaryKey>
</primaryKeys>
</TableProxyOraclev12c>