<?xml version = '1.0' encoding = 'UTF-8'?>
<TableProxyOraclev12c class="oracle.dbtools.crest.model.design.storage.oracle.v12c.TableProxyOraclev12c" name="TF_CAT_ESTATUS_CUESTIONARIO" directorySegmentName="seg_0" id="6FBBADE9-0E40-A4C5-9891-87DDFD277294">
<createdBy>lcast</createdBy>
<createdTime>2022-06-20 16:20:26 UTC</createdTime>
<ownerDesignName>ModeloER</ownerDesignName>
<schemaObject>8AC118B7-BFBB-B66A-79F5-754C941CC663</schemaObject>
<logging>YES</logging>
<partitionedRowMovement>DISABLE</partitionedRowMovement>
<segment>FBBC416B-8A49-D899-963A-5D1E53E82B60</segment>
<tableSpace>0AC4F13F-4238-C6B6-1CEB-B2FB232D935E</tableSpace>
<temporaryChanged>false</temporaryChanged>
<accessDriverType>oracle_loader</accessDriverType>
<rejectLimit></rejectLimit>
<inMemory>NO</inMemory>
<columnProxies itemClass="oracle.dbtools.crest.model.design.storage.oracle.v12c.ColumnProxyOraclev12c">
<ColumnProxy name="LAST_UPDATE" id="8839692F-AA49-D3CF-BDDE-A961A5395F72">
<createdBy>lcast</createdBy>
<createdTime>2022-06-20 16:20:27 UTC</createdTime>
<ownerDesignName>ModeloER</ownerDesignName>
<defaultValue>(sysdate)</defaultValue>
</ColumnProxy>
<ColumnProxy name="ESTATUS_CUESTIONARIO_ID" id="8FF77EE7-562C-16F1-2B34-4660BB7EFF3F">
<createdBy>lcast</createdBy>
<createdTime>2022-06-20 16:20:27 UTC</createdTime>
<ownerDesignName>ModeloER</ownerDesignName>
<autoIncrementDDL>TRIGGER</autoIncrementDDL>
</ColumnProxy>
<ColumnProxy name="ACTIVE_FLAG" id="CDEEF88D-45F8-9C41-EF75-577E4F027161">
<createdBy>lcast</createdBy>
<createdTime>2022-06-20 16:20:27 UTC</createdTime>
<ownerDesignName>ModeloER</ownerDesignName>
<defaultValue>1</defaultValue>
</ColumnProxy>
<ColumnProxy name="DESCRIPCION" id="ED496ACD-0499-0126-BF0D-65EE622E534F">
<createdBy>lcast</createdBy>
<createdTime>2022-06-20 16:20:27 UTC</createdTime>
<ownerDesignName>ModeloER</ownerDesignName>
</ColumnProxy>
</columnProxies>
<indexProxies>
<IndexProxy class="oracle.dbtools.crest.model.design.storage.oracle.v10g.IndexProxyOraclev10g" name="PK_ESTATUS_CUESTIONARIO" id="FF7FDC89-C092-69F7-5BEE-2313141E9288">
<createdBy>lcast</createdBy>
<createdTime>2022-06-20 16:20:27 UTC</createdTime>
<ownerDesignName>ModeloER</ownerDesignName>
<schemaObject>8AC118B7-BFBB-B66A-79F5-754C941CC663</schemaObject>
<segment>D022B4E2-E5C5-F28A-F1E3-C4DDE1BC70D8</segment>
<tableSpace>0AC4F13F-4238-C6B6-1CEB-B2FB232D935E</tableSpace>
</IndexProxy>
</indexProxies>
<primaryKeys>
<PrimaryKey class="oracle.dbtools.crest.model.design.storage.oracle.v10g.PKProxyOraclev10g" name="PK_ESTATUS_CUESTIONARIO" id="D10A6C6D-2935-061F-8B06-D69DF66201C2">
<createdBy>lcast</createdBy>
<createdTime>2022-06-20 16:20:27 UTC</createdTime>
<ownerDesignName>ModeloER</ownerDesignName>
<segment>D022B4E2-E5C5-F28A-F1E3-C4DDE1BC70D8</segment>
<tableSpace>0AC4F13F-4238-C6B6-1CEB-B2FB232D935E</tableSpace>
<existingIndex>FF7FDC89-C092-69F7-5BEE-2313141E9288</existingIndex>
<indexSegment>D022B4E2-E5C5-F28A-F1E3-C4DDE1BC70D8</indexSegment>
<indexSort>SORTED</indexSort>
<usingIndex>BY INDEX NAME</usingIndex>
</PrimaryKey>
</primaryKeys>
</TableProxyOraclev12c>