<?xml version = '1.0' encoding = 'UTF-8'?>
<TableProxyOraclev12c class="oracle.dbtools.crest.model.design.storage.oracle.v12c.TableProxyOraclev12c" name="TF_EMPLEADO_CONSIDERACION" directorySegmentName="seg_0" id="96C71614-82B1-B9C9-8EF6-FDA09766EDEE">
<createdBy>lcast</createdBy>
<createdTime>2022-06-20 16:20:26 UTC</createdTime>
<ownerDesignName>ModeloER</ownerDesignName>
<schemaObject>8AC118B7-BFBB-B66A-79F5-754C941CC663</schemaObject>
<logging>YES</logging>
<partitionedRowMovement>DISABLE</partitionedRowMovement>
<segment>FBBC416B-8A49-D899-963A-5D1E53E82B60</segment>
<tableSpace>0AC4F13F-4238-C6B6-1CEB-B2FB232D935E</tableSpace>
<temporaryChanged>false</temporaryChanged>
<accessDriverType>oracle_loader</accessDriverType>
<rejectLimit></rejectLimit>
<inMemory>NO</inMemory>
<columnProxies itemClass="oracle.dbtools.crest.model.design.storage.oracle.v12c.ColumnProxyOraclev12c">
<ColumnProxy name="CUESTIONARIO_EMPLEADO_ID" id="053BD227-E195-EF60-3F3F-36379A94F20D">
<createdBy>lcast</createdBy>
<createdTime>2022-06-20 16:20:27 UTC</createdTime>
<ownerDesignName>ModeloER</ownerDesignName>
</ColumnProxy>
<ColumnProxy name="LAST_UPDATE" id="408CA24A-7AC6-16A5-8D75-03CC321CB9CE">
<createdBy>lcast</createdBy>
<createdTime>2022-06-20 16:20:27 UTC</createdTime>
<ownerDesignName>ModeloER</ownerDesignName>
<defaultValue>(sysdate)</defaultValue>
</ColumnProxy>
<ColumnProxy name="DESCRIPCION" id="7E6BC9BB-A285-8825-12BE-0FCAD4E4471E">
<createdBy>lcast</createdBy>
<createdTime>2022-06-20 16:20:27 UTC</createdTime>
<ownerDesignName>ModeloER</ownerDesignName>
</ColumnProxy>
<ColumnProxy name="ACTIVE_FLAG" id="B5A0E899-A0D8-6162-6AC8-49E9CD56F933">
<createdBy>lcast</createdBy>
<createdTime>2022-06-20 16:20:27 UTC</createdTime>
<ownerDesignName>ModeloER</ownerDesignName>
<defaultValue>1</defaultValue>
</ColumnProxy>
<ColumnProxy name="EMPLEADO_CONSIDERACION_ID" id="B77D1691-2A39-CADC-0265-61B7B9330D90">
<createdBy>lcast</createdBy>
<createdTime>2022-06-20 16:20:27 UTC</createdTime>
<ownerDesignName>ModeloER</ownerDesignName>
<autoIncrementDDL>TRIGGER</autoIncrementDDL>
</ColumnProxy>
</columnProxies>
<indexProxies>
<IndexProxy class="oracle.dbtools.crest.model.design.storage.oracle.v10g.IndexProxyOraclev10g" name="PK_EMPLEADO_CONSIDERACION" id="985537FA-E5C8-E240-2A2E-C1BFC9DB4B64">
<createdBy>lcast</createdBy>
<createdTime>2022-06-20 16:20:27 UTC</createdTime>
<ownerDesignName>ModeloER</ownerDesignName>
<schemaObject>8AC118B7-BFBB-B66A-79F5-754C941CC663</schemaObject>
<segment>D022B4E2-E5C5-F28A-F1E3-C4DDE1BC70D8</segment>
<tableSpace>0AC4F13F-4238-C6B6-1CEB-B2FB232D935E</tableSpace>
</IndexProxy>
<IndexProxy class="oracle.dbtools.crest.model.design.storage.oracle.v10g.IndexProxyOraclev10g" name="IX_TF_EMPLEADO_CONSIDERACION_CUESTIONARIO_EMPLEADO_ID" id="FF45EECA-330D-1C4F-0D38-83A98ECD0223">
<createdBy>lcast</createdBy>
<createdTime>2022-06-20 16:20:27 UTC</createdTime>
<ownerDesignName>ModeloER</ownerDesignName>
<schemaObject>8AC118B7-BFBB-B66A-79F5-754C941CC663</schemaObject>
<segment>D022B4E2-E5C5-F28A-F1E3-C4DDE1BC70D8</segment>
<tableSpace>0AC4F13F-4238-C6B6-1CEB-B2FB232D935E</tableSpace>
</IndexProxy>
</indexProxies>
<foreignKeys>
<ForeignKey class="oracle.dbtools.crest.model.design.storage.oracle.v10g.FKProxyOraclev10g" name="FK_EMPLEADO_CONSIDERACION" id="785C8E5B-108E-4B00-3490-26D0E51EADE4">
<createdBy>lcast</createdBy>
<createdTime>2022-06-20 16:20:28 UTC</createdTime>
<ownerDesignName>ModeloER</ownerDesignName>
</ForeignKey>
</foreignKeys>
<lobStorages>
<LobStorage class="oracle.dbtools.crest.model.design.storage.oracle.v11g.LobStorageOraclev11g" name="SYS_LOB0000079998C00002$$" id="AFE37535-40D7-5789-C2CC-F10CAB9A6B23">
<createdBy>lcast</createdBy>
<createdTime>2022-06-20 16:20:28 UTC</createdTime>
<ownerDesignName>ModeloER</ownerDesignName>
<cache>NOCACHE</cache>
<chunk>8192</chunk>
<column>DESCRIPCION</column>
<compression>NO</compression>
<duplication>KEEP_DUPLICATES</duplication>
<logging>YES</logging>
<tableSpace>0AC4F13F-4238-C6B6-1CEB-B2FB232D935E</tableSpace>
<lobStorageType>SECUREFILE</lobStorageType>
</LobStorage>
</lobStorages>
<primaryKeys>
<PrimaryKey class="oracle.dbtools.crest.model.design.storage.oracle.v10g.PKProxyOraclev10g" name="PK_EMPLEADO_CONSIDERACION" id="C49947CB-C671-9CCA-6698-66FD8BC5D553">
<createdBy>lcast</createdBy>
<createdTime>2022-06-20 16:20:27 UTC</createdTime>
<ownerDesignName>ModeloER</ownerDesignName>
<segment>D022B4E2-E5C5-F28A-F1E3-C4DDE1BC70D8</segment>
<tableSpace>0AC4F13F-4238-C6B6-1CEB-B2FB232D935E</tableSpace>
<existingIndex>985537FA-E5C8-E240-2A2E-C1BFC9DB4B64</existingIndex>
<indexSegment>D022B4E2-E5C5-F28A-F1E3-C4DDE1BC70D8</indexSegment>
<indexSort>SORTED</indexSort>
<usingIndex>BY INDEX NAME</usingIndex>
</PrimaryKey>
</primaryKeys>
</TableProxyOraclev12c>