<?xml version = '1.0' encoding = 'UTF-8'?>
<TableProxyOraclev12c class="oracle.dbtools.crest.model.design.storage.oracle.v12c.TableProxyOraclev12c" name="OKR_EMPLEADO_CENTRO_FINANCIERO_XREF" directorySegmentName="seg_0" id="A76E68B0-A84D-9D21-7072-F8A090C8DB73">
<createdBy>lcast</createdBy>
<createdTime>2022-06-20 16:20:26 UTC</createdTime>
<ownerDesignName>ModeloER</ownerDesignName>
<schemaObject>8AC118B7-BFBB-B66A-79F5-754C941CC663</schemaObject>
<logging>YES</logging>
<partitionedRowMovement>DISABLE</partitionedRowMovement>
<segment>FBBC416B-8A49-D899-963A-5D1E53E82B60</segment>
<tableSpace>0AC4F13F-4238-C6B6-1CEB-B2FB232D935E</tableSpace>
<temporaryChanged>false</temporaryChanged>
<accessDriverType>oracle_loader</accessDriverType>
<rejectLimit></rejectLimit>
<inMemory>NO</inMemory>
<columnProxies itemClass="oracle.dbtools.crest.model.design.storage.oracle.v12c.ColumnProxyOraclev12c">
<ColumnProxy name="LAST_UPDATE" id="285CED6B-6852-851D-F871-E2B08644F679">
<createdBy>lcast</createdBy>
<createdTime>2022-06-20 16:20:27 UTC</createdTime>
<ownerDesignName>ModeloER</ownerDesignName>
<defaultValue>(sysdate)</defaultValue>
</ColumnProxy>
<ColumnProxy name="EMPLEADO_ID" id="4C5D0BB1-3D5E-3D1B-7675-D0784DD46C55">
<createdBy>lcast</createdBy>
<createdTime>2022-06-20 16:20:27 UTC</createdTime>
<ownerDesignName>ModeloER</ownerDesignName>
</ColumnProxy>
<ColumnProxy name="EMPLEADO_CENTRO_FINANCIERO_ID" id="7420D6D7-AE81-CC6A-D10C-2904697DF9DC">
<createdBy>lcast</createdBy>
<createdTime>2022-06-20 16:20:27 UTC</createdTime>
<ownerDesignName>ModeloER</ownerDesignName>
<autoIncrementDDL>TRIGGER</autoIncrementDDL>
</ColumnProxy>
<ColumnProxy name="FECHA_ALTA" id="8C143C5A-A87B-C260-4865-09CF4AA9F63B">
<createdBy>lcast</createdBy>
<createdTime>2022-06-20 16:20:27 UTC</createdTime>
<ownerDesignName>ModeloER</ownerDesignName>
</ColumnProxy>
<ColumnProxy name="CENTRO_FINANCIERO_ID" id="992BACE9-7B5E-C795-33BF-BE4E8580C53B">
<createdBy>lcast</createdBy>
<createdTime>2022-06-20 16:20:27 UTC</createdTime>
<ownerDesignName>ModeloER</ownerDesignName>
</ColumnProxy>
<ColumnProxy name="ACTIVE_FLAG" id="C6767CE7-7AF8-A6B9-E38A-432495D2103A">
<createdBy>lcast</createdBy>
<createdTime>2022-06-20 16:20:27 UTC</createdTime>
<ownerDesignName>ModeloER</ownerDesignName>
<defaultValue>1</defaultValue>
</ColumnProxy>
<ColumnProxy name="FECHA_BAJA" id="D244EE81-1326-CB26-6A91-1EE0721681F3">
<createdBy>lcast</createdBy>
<createdTime>2022-06-20 16:20:27 UTC</createdTime>
<ownerDesignName>ModeloER</ownerDesignName>
</ColumnProxy>
</columnProxies>
<indexProxies>
<IndexProxy class="oracle.dbtools.crest.model.design.storage.oracle.v10g.IndexProxyOraclev10g" name="IX_OKR_EMPLEADO_CENTRO_FINANCIERO_XREF_EMPLEADO_ID" id="115C4076-B6F0-D68E-EF8B-72281CB98D29">
<createdBy>lcast</createdBy>
<createdTime>2022-06-20 16:20:27 UTC</createdTime>
<ownerDesignName>ModeloER</ownerDesignName>
<schemaObject>8AC118B7-BFBB-B66A-79F5-754C941CC663</schemaObject>
<segment>D022B4E2-E5C5-F28A-F1E3-C4DDE1BC70D8</segment>
<tableSpace>0AC4F13F-4238-C6B6-1CEB-B2FB232D935E</tableSpace>
</IndexProxy>
<IndexProxy class="oracle.dbtools.crest.model.design.storage.oracle.v10g.IndexProxyOraclev10g" name="IX_OKR_EMPLEADO_CENTRO_FINANCIERO_XREF_CENTRO_FINANCIERO_ID" id="614264C4-F565-85C1-A77C-F7AC86F2BE9E">
<createdBy>lcast</createdBy>
<createdTime>2022-06-20 16:20:27 UTC</createdTime>
<ownerDesignName>ModeloER</ownerDesignName>
<schemaObject>8AC118B7-BFBB-B66A-79F5-754C941CC663</schemaObject>
<segment>D022B4E2-E5C5-F28A-F1E3-C4DDE1BC70D8</segment>
<tableSpace>0AC4F13F-4238-C6B6-1CEB-B2FB232D935E</tableSpace>
</IndexProxy>
<IndexProxy class="oracle.dbtools.crest.model.design.storage.oracle.v10g.IndexProxyOraclev10g" name="PK_OKR_EMPLEADO_CENTRO_FINANCIERO_XREF" id="C65D9F7F-5651-B9DF-97A3-21BDC035137C">
<createdBy>lcast</createdBy>
<createdTime>2022-06-20 16:20:27 UTC</createdTime>
<ownerDesignName>ModeloER</ownerDesignName>
<schemaObject>8AC118B7-BFBB-B66A-79F5-754C941CC663</schemaObject>
<segment>D022B4E2-E5C5-F28A-F1E3-C4DDE1BC70D8</segment>
<tableSpace>0AC4F13F-4238-C6B6-1CEB-B2FB232D935E</tableSpace>
</IndexProxy>
</indexProxies>
<foreignKeys>
<ForeignKey class="oracle.dbtools.crest.model.design.storage.oracle.v10g.FKProxyOraclev10g" name="FK_OKR_EMPLEADOS_EMPEADOS_CENTROS_FINANCIEROS_XREF" id="4BA9579C-65D1-AD73-9D4A-B8EB1BF3274C">
<createdBy>lcast</createdBy>
<createdTime>2022-06-20 16:20:28 UTC</createdTime>
<ownerDesignName>ModeloER</ownerDesignName>
</ForeignKey>
<ForeignKey class="oracle.dbtools.crest.model.design.storage.oracle.v10g.FKProxyOraclev10g" name="FK_OKR_CAT_CENTROS_FINANCIEROS_EMPLEADO_CENTRO_FINANCIERO_XREF" id="801A3AEC-593E-7E54-B750-A98D08797FA7">
<createdBy>lcast</createdBy>
<createdTime>2022-06-20 16:20:28 UTC</createdTime>
<ownerDesignName>ModeloER</ownerDesignName>
</ForeignKey>
</foreignKeys>
<primaryKeys>
<PrimaryKey class="oracle.dbtools.crest.model.design.storage.oracle.v10g.PKProxyOraclev10g" name="PK_OKR_EMPLEADO_CENTRO_FINANCIERO_XREF" id="84D38AC0-9F14-B57C-1329-47956F5C1FE3">
<createdBy>lcast</createdBy>
<createdTime>2022-06-20 16:20:27 UTC</createdTime>
<ownerDesignName>ModeloER</ownerDesignName>
<segment>D022B4E2-E5C5-F28A-F1E3-C4DDE1BC70D8</segment>
<tableSpace>0AC4F13F-4238-C6B6-1CEB-B2FB232D935E</tableSpace>
<existingIndex>C65D9F7F-5651-B9DF-97A3-21BDC035137C</existingIndex>
<indexSegment>D022B4E2-E5C5-F28A-F1E3-C4DDE1BC70D8</indexSegment>
<indexSort>SORTED</indexSort>
<usingIndex>BY INDEX NAME</usingIndex>
</PrimaryKey>
</primaryKeys>
</TableProxyOraclev12c>