<?xml version = '1.0' encoding = 'UTF-8'?>
<TableProxyOraclev12c class="oracle.dbtools.crest.model.design.storage.oracle.v12c.TableProxyOraclev12c" name="TF_DIRECCIONES_DIAS_HO_XREF" directorySegmentName="seg_0" id="BC24A00B-12A0-A555-8F8F-D41CD2E93530">
<createdBy>lcast</createdBy>
<createdTime>2022-06-20 21:49:39 UTC</createdTime>
<ownerDesignName>ModeloER</ownerDesignName>
<schemaObject>8AC118B7-BFBB-B66A-79F5-754C941CC663</schemaObject>
<logging>YES</logging>
<partitionedRowMovement>DISABLE</partitionedRowMovement>
<segment>51F388F6-B866-7A92-97BC-280328B593C6</segment>
<tableSpace>0AC4F13F-4238-C6B6-1CEB-B2FB232D935E</tableSpace>
<temporaryChanged>false</temporaryChanged>
<accessDriverType>oracle_loader</accessDriverType>
<rejectLimit></rejectLimit>
<inMemory>NO</inMemory>
<columnProxies itemClass="oracle.dbtools.crest.model.design.storage.oracle.v12c.ColumnProxyOraclev12c">
<ColumnProxy name="LAST_UPDATE" id="635378C4-9F54-7937-2316-30837A632207">
<createdBy>lcast</createdBy>
<createdTime>2022-06-20 21:49:39 UTC</createdTime>
<ownerDesignName>ModeloER</ownerDesignName>
<defaultValue>(sysdate)</defaultValue>
</ColumnProxy>
<ColumnProxy name="DIA_HOME_OFFICE_ID" id="9DDFBB66-180B-DD31-54C0-48848AF217E3">
<createdBy>lcast</createdBy>
<createdTime>2022-06-20 21:49:39 UTC</createdTime>
<ownerDesignName>ModeloER</ownerDesignName>
</ColumnProxy>
<ColumnProxy name="DIRECCION_DIA_HO_ID" id="9FFFB50D-66AD-7222-DFCC-03C5390BAFEE">
<createdBy>lcast</createdBy>
<createdTime>2022-06-20 21:49:39 UTC</createdTime>
<ownerDesignName>ModeloER</ownerDesignName>
<autoIncrementDDL>TRIGGER</autoIncrementDDL>
</ColumnProxy>
<ColumnProxy name="DIRECCION_EJECUTIVA_ID" id="BB3F9BF0-1A02-BD8E-7764-18038A31DC17">
<createdBy>lcast</createdBy>
<createdTime>2022-06-20 21:49:39 UTC</createdTime>
<ownerDesignName>ModeloER</ownerDesignName>
</ColumnProxy>
<ColumnProxy name="ACTIVE_FLAG" id="D89421E9-10EA-C678-61FA-9C2E2722C162">
<createdBy>lcast</createdBy>
<createdTime>2022-06-20 21:49:39 UTC</createdTime>
<ownerDesignName>ModeloER</ownerDesignName>
<defaultValue>1</defaultValue>
</ColumnProxy>
</columnProxies>
<indexProxies>
<IndexProxy class="oracle.dbtools.crest.model.design.storage.oracle.v10g.IndexProxyOraclev10g" name="IX_TF_DIRECCIONES_DIAS_HO_XREF_DIRECCION_EJECUTIVA_ID" id="419790FA-0FD2-9B38-705E-4A0E76DC8429">
<createdBy>lcast</createdBy>
<createdTime>2022-06-20 21:49:39 UTC</createdTime>
<ownerDesignName>ModeloER</ownerDesignName>
<schemaObject>8AC118B7-BFBB-B66A-79F5-754C941CC663</schemaObject>
<segment>4956206C-5CBF-F65C-C5A1-14D94AADA0A9</segment>
<tableSpace>0AC4F13F-4238-C6B6-1CEB-B2FB232D935E</tableSpace>
</IndexProxy>
<IndexProxy class="oracle.dbtools.crest.model.design.storage.oracle.v10g.IndexProxyOraclev10g" name="PK_DIRECCION_DIA_HO" id="9B5AF0FB-0696-5A7F-D86E-2C4295751E34">
<createdBy>lcast</createdBy>
<createdTime>2022-06-20 21:49:39 UTC</createdTime>
<ownerDesignName>ModeloER</ownerDesignName>
<schemaObject>8AC118B7-BFBB-B66A-79F5-754C941CC663</schemaObject>
<segment>4956206C-5CBF-F65C-C5A1-14D94AADA0A9</segment>
<tableSpace>0AC4F13F-4238-C6B6-1CEB-B2FB232D935E</tableSpace>
</IndexProxy>
<IndexProxy class="oracle.dbtools.crest.model.design.storage.oracle.v10g.IndexProxyOraclev10g" name="IX_TF_DIRECCIONES_DIAS_HO_XREF_DIA_HOME_OFFICE_ID" id="B4C3AC47-C0BE-1BF5-0D3D-63BD8D2C741F">
<createdBy>lcast</createdBy>
<createdTime>2022-06-20 21:49:39 UTC</createdTime>
<ownerDesignName>ModeloER</ownerDesignName>
<schemaObject>8AC118B7-BFBB-B66A-79F5-754C941CC663</schemaObject>
<segment>4956206C-5CBF-F65C-C5A1-14D94AADA0A9</segment>
<tableSpace>0AC4F13F-4238-C6B6-1CEB-B2FB232D935E</tableSpace>
</IndexProxy>
</indexProxies>
<foreignKeys>
<ForeignKey class="oracle.dbtools.crest.model.design.storage.oracle.v10g.FKProxyOraclev10g" name="FK_TF_DIA_HO TF_DE_DIAS_HO_XREF" id="2EB215C8-D6B2-A9A1-CC4E-6A8BD966F184">
<createdBy>lcast</createdBy>
<createdTime>2022-06-20 21:49:39 UTC</createdTime>
<ownerDesignName>ModeloER</ownerDesignName>
</ForeignKey>
<ForeignKey class="oracle.dbtools.crest.model.design.storage.oracle.v10g.FKProxyOraclev10g" name="FK_OKR_CAT_DIR_EJEC_DIAS_HO_XREF" id="B0455093-088A-3A45-92D8-A93F2804E2C5">
<createdBy>lcast</createdBy>
<createdTime>2022-06-20 21:49:39 UTC</createdTime>
<ownerDesignName>ModeloER</ownerDesignName>
</ForeignKey>
</foreignKeys>
<primaryKeys>
<PrimaryKey class="oracle.dbtools.crest.model.design.storage.oracle.v10g.PKProxyOraclev10g" name="PK_DIRECCION_DIA_HO" id="74CB81FD-4C13-2EF7-9B44-DB08B3516216">
<createdBy>lcast</createdBy>
<createdTime>2022-06-20 21:49:39 UTC</createdTime>
<ownerDesignName>ModeloER</ownerDesignName>
<segment>4956206C-5CBF-F65C-C5A1-14D94AADA0A9</segment>
<tableSpace>0AC4F13F-4238-C6B6-1CEB-B2FB232D935E</tableSpace>
<existingIndex>9B5AF0FB-0696-5A7F-D86E-2C4295751E34</existingIndex>
<indexSegment>4956206C-5CBF-F65C-C5A1-14D94AADA0A9</indexSegment>
<indexSort>SORTED</indexSort>
<usingIndex>BY INDEX NAME</usingIndex>
</PrimaryKey>
</primaryKeys>
</TableProxyOraclev12c>