<?xml version = '1.0' encoding = 'UTF-8'?>
<TableProxyOraclev12c class="oracle.dbtools.crest.model.design.storage.oracle.v12c.TableProxyOraclev12c" name="OKR_EMPLEADO_AREA_XREF" directorySegmentName="seg_0" id="C839EC9E-55C6-0D2A-739F-CEC718CA7A8A">
<createdBy>lcast</createdBy>
<createdTime>2022-06-20 16:20:26 UTC</createdTime>
<ownerDesignName>ModeloER</ownerDesignName>
<schemaObject>8AC118B7-BFBB-B66A-79F5-754C941CC663</schemaObject>
<logging>YES</logging>
<partitionedRowMovement>DISABLE</partitionedRowMovement>
<segment>FBBC416B-8A49-D899-963A-5D1E53E82B60</segment>
<tableSpace>0AC4F13F-4238-C6B6-1CEB-B2FB232D935E</tableSpace>
<temporaryChanged>false</temporaryChanged>
<accessDriverType>oracle_loader</accessDriverType>
<rejectLimit></rejectLimit>
<inMemory>NO</inMemory>
<columnProxies itemClass="oracle.dbtools.crest.model.design.storage.oracle.v12c.ColumnProxyOraclev12c">
<ColumnProxy name="AREA_ID" id="369A50B3-9B04-52F7-6729-EC5803664C1F">
<createdBy>lcast</createdBy>
<createdTime>2022-06-20 16:20:27 UTC</createdTime>
<ownerDesignName>ModeloER</ownerDesignName>
</ColumnProxy>
<ColumnProxy name="EMPLEADO_AREA_ID" id="4E980D92-AE99-1F55-C9CD-87027C87F8F7">
<createdBy>lcast</createdBy>
<createdTime>2022-06-20 16:20:27 UTC</createdTime>
<ownerDesignName>ModeloER</ownerDesignName>
<autoIncrementDDL>TRIGGER</autoIncrementDDL>
</ColumnProxy>
<ColumnProxy name="LAST_UPDATE" id="63228866-DD6D-357D-51CB-0DAFC0C41F13">
<createdBy>lcast</createdBy>
<createdTime>2022-06-20 16:20:27 UTC</createdTime>
<ownerDesignName>ModeloER</ownerDesignName>
<defaultValue>(sysdate)</defaultValue>
</ColumnProxy>
<ColumnProxy name="EMPLEADO_ID" id="699CF5BA-74E9-C2F6-9F30-1BCAF7E82211">
<createdBy>lcast</createdBy>
<createdTime>2022-06-20 16:20:27 UTC</createdTime>
<ownerDesignName>ModeloER</ownerDesignName>
</ColumnProxy>
<ColumnProxy name="ACTIVE_FLAG" id="79A0C179-E1C8-9A63-4B56-4399266BFEBA">
<createdBy>lcast</createdBy>
<createdTime>2022-06-20 16:20:27 UTC</createdTime>
<ownerDesignName>ModeloER</ownerDesignName>
<defaultValue>1</defaultValue>
</ColumnProxy>
<ColumnProxy name="FECHA_BAJA" id="8006C530-0CA9-03EC-8FA7-73EAB13F64CA">
<createdBy>lcast</createdBy>
<createdTime>2022-06-20 16:20:27 UTC</createdTime>
<ownerDesignName>ModeloER</ownerDesignName>
</ColumnProxy>
<ColumnProxy name="FECHA_ALTA" id="E0CBB4ED-4066-E3F1-8DBE-48968F8E7D4F">
<createdBy>lcast</createdBy>
<createdTime>2022-06-20 16:20:27 UTC</createdTime>
<ownerDesignName>ModeloER</ownerDesignName>
</ColumnProxy>
</columnProxies>
<indexProxies>
<IndexProxy class="oracle.dbtools.crest.model.design.storage.oracle.v10g.IndexProxyOraclev10g" name="IX_OKR_EMPLEADO_AREA_XREF_AREA_ID" id="1BA39671-E21A-316A-ACB0-C4D85EB3CE35">
<createdBy>lcast</createdBy>
<createdTime>2022-06-20 16:20:27 UTC</createdTime>
<ownerDesignName>ModeloER</ownerDesignName>
<schemaObject>8AC118B7-BFBB-B66A-79F5-754C941CC663</schemaObject>
<segment>D022B4E2-E5C5-F28A-F1E3-C4DDE1BC70D8</segment>
<tableSpace>0AC4F13F-4238-C6B6-1CEB-B2FB232D935E</tableSpace>
</IndexProxy>
<IndexProxy class="oracle.dbtools.crest.model.design.storage.oracle.v10g.IndexProxyOraclev10g" name="PK_OKR_EMPLEADO_AREA_XREF" id="2745BB14-B47D-BCD8-C5F7-E9C608B983AC">
<createdBy>lcast</createdBy>
<createdTime>2022-06-20 16:20:27 UTC</createdTime>
<ownerDesignName>ModeloER</ownerDesignName>
<schemaObject>8AC118B7-BFBB-B66A-79F5-754C941CC663</schemaObject>
<segment>D022B4E2-E5C5-F28A-F1E3-C4DDE1BC70D8</segment>
<tableSpace>0AC4F13F-4238-C6B6-1CEB-B2FB232D935E</tableSpace>
</IndexProxy>
<IndexProxy class="oracle.dbtools.crest.model.design.storage.oracle.v10g.IndexProxyOraclev10g" name="IX_OKR_EMPLEADO_AREA_XREF_EMPLEADO_ID" id="9DE664A8-F86F-9391-6F61-5F89D9E7624C">
<createdBy>lcast</createdBy>
<createdTime>2022-06-20 16:20:27 UTC</createdTime>
<ownerDesignName>ModeloER</ownerDesignName>
<schemaObject>8AC118B7-BFBB-B66A-79F5-754C941CC663</schemaObject>
<segment>D022B4E2-E5C5-F28A-F1E3-C4DDE1BC70D8</segment>
<tableSpace>0AC4F13F-4238-C6B6-1CEB-B2FB232D935E</tableSpace>
</IndexProxy>
</indexProxies>
<foreignKeys>
<ForeignKey class="oracle.dbtools.crest.model.design.storage.oracle.v10g.FKProxyOraclev10g" name="FK_OKR_EMPLEADOS_EMPLEADO_AREA_XREF" id="1155BAEB-E4F6-F6A7-E4CC-FF337ED572AC">
<createdBy>lcast</createdBy>
<createdTime>2022-06-20 16:20:28 UTC</createdTime>
<ownerDesignName>ModeloER</ownerDesignName>
</ForeignKey>
<ForeignKey class="oracle.dbtools.crest.model.design.storage.oracle.v10g.FKProxyOraclev10g" name="FK_OKR_CAT_AREAS_EMPLEADO_AREA_XREF" id="6915944F-B1BE-AD89-2CA8-7399F05731F1">
<createdBy>lcast</createdBy>
<createdTime>2022-06-20 16:20:28 UTC</createdTime>
<ownerDesignName>ModeloER</ownerDesignName>
</ForeignKey>
</foreignKeys>
<primaryKeys>
<PrimaryKey class="oracle.dbtools.crest.model.design.storage.oracle.v10g.PKProxyOraclev10g" name="PK_OKR_EMPLEADO_AREA_XREF" id="6175C229-EAE7-21F1-1499-EA09256AF6D0">
<createdBy>lcast</createdBy>
<createdTime>2022-06-20 16:20:27 UTC</createdTime>
<ownerDesignName>ModeloER</ownerDesignName>
<segment>D022B4E2-E5C5-F28A-F1E3-C4DDE1BC70D8</segment>
<tableSpace>0AC4F13F-4238-C6B6-1CEB-B2FB232D935E</tableSpace>
<existingIndex>2745BB14-B47D-BCD8-C5F7-E9C608B983AC</existingIndex>
<indexSegment>D022B4E2-E5C5-F28A-F1E3-C4DDE1BC70D8</indexSegment>
<indexSort>SORTED</indexSort>
<usingIndex>BY INDEX NAME</usingIndex>
</PrimaryKey>
</primaryKeys>
</TableProxyOraclev12c>