<?xml version = '1.0' encoding = 'UTF-8'?>
<Diagram class="oracle.dbtools.crest.swingui.relational.DPVRelational" name="Relational_1" id="633CB03F-1429-4C99-018B-45C42752AF83">
<createdBy>lcast</createdBy>
<modifiedBy>lcast</modifiedBy>
<createdTime>2022-06-20 16:20:26 UTC</createdTime>
<autoRoute>false</autoRoute>
<boxInbox>true</boxInbox>
<showLegend>false</showLegend>
<showLabels>false</showLabels>
<showRelAttributes>false</showRelAttributes>
<gridEnabled>false</gridEnabled>
<showGrid>false</showGrid>
<diagramColor>-1</diagramColor>
<display>false</display>
<notation>1</notation>
<objectViews>
<OView class="oracle.dbtools.crest.swingui.relational.TVTable" oid="217BA16B-4843-7BF6-39A9-85735457FE1C" otype="Table" vid="53F8D7EF-EE70-A57B-D6AA-81688FF5CCCF">
<hideElementsInCurrentOnly>false</hideElementsInCurrentOnly>
<bounds x="1503" y="20" width="220" height="122"/>
</OView>
<OView class="oracle.dbtools.crest.swingui.relational.TVTable" oid="4AEFF4A0-75BB-BAF8-BAA6-B9A46D481793" otype="Table" vid="90D1D467-37EB-7167-C18E-3495AAF903B9">
<hideElementsInCurrentOnly>false</hideElementsInCurrentOnly>
<bounds x="20" y="844" width="453" height="198"/>
</OView>
<OView class="oracle.dbtools.crest.swingui.relational.TVTable" oid="6298D4FD-9830-11EE-A5BE-BCAEA0A3EAC4" otype="Table" vid="37749EA7-0351-2E70-9B4D-E83BAAC2925E">
<hideElementsInCurrentOnly>false</hideElementsInCurrentOnly>
<bounds x="696" y="1305" width="394" height="136"/>
</OView>
<OView class="oracle.dbtools.crest.swingui.relational.TVTable" oid="6FBBADE9-0E40-A4C5-9891-87DDFD277294" otype="Table" vid="5C472FE9-7898-2793-C52B-DD52A414EB67">
<hideElementsInCurrentOnly>false</hideElementsInCurrentOnly>
<bounds x="1446" y="292" width="346" height="122"/>
</OView>
<OView class="oracle.dbtools.crest.swingui.relational.TVTable" oid="718E4BBA-80A3-362B-668D-A5FB6A8D26BD" otype="Table" vid="29DD384C-E3E0-DAC5-3D5A-91D3CA3468A8">
<hideElementsInCurrentOnly>false</hideElementsInCurrentOnly>
<bounds x="841" y="20" width="582" height="212"/>
</OView>
<OView class="oracle.dbtools.crest.swingui.relational.TVTable" oid="8BD33421-DD7C-8574-37B4-1164602B32E9" otype="Table" vid="18BA87C1-51C4-CE1C-E6D9-32F7B2DC7B6F">
<hideElementsInCurrentOnly>false</hideElementsInCurrentOnly>
<bounds x="841" y="292" width="525" height="226"/>
</OView>
<OView class="oracle.dbtools.crest.swingui.relational.TVTable" oid="924B6090-FF7A-DA13-10B1-AF34AC43771A" otype="Table" vid="8F2F06F1-DFD5-FB5C-D977-9C2112364852">
<hideElementsInCurrentOnly>false</hideElementsInCurrentOnly>
<bounds x="989" y="1529" width="295" height="150"/>
</OView>
<OView class="oracle.dbtools.crest.swingui.relational.TVTable" oid="96C71614-82B1-B9C9-8EF6-FDA09766EDEE" otype="Table" vid="82CD6B95-2FFD-C333-A209-DC2F8D6CBAFF">
<hideElementsInCurrentOnly>false</hideElementsInCurrentOnly>
<bounds x="109" y="378" width="550" height="170"/>
</OView>
<OView class="oracle.dbtools.crest.swingui.relational.TVTable" oid="A4C394C4-827B-F5F2-E36E-404F3ED7CE77" otype="Table" vid="221D7475-CDDC-E4A2-E063-34412CFB5E82">
<hideElementsInCurrentOnly>false</hideElementsInCurrentOnly>
<bounds x="20" y="1102" width="281" height="122"/>
</OView>
<OView class="oracle.dbtools.crest.swingui.relational.TVTable" oid="A76E68B0-A84D-9D21-7072-F8A090C8DB73" otype="Table" vid="45655A48-05D7-7682-351E-0C3B18BCAA2A">
<hideElementsInCurrentOnly>false</hideElementsInCurrentOnly>
<bounds x="1287" y="949" width="584" height="226"/>
</OView>
<OView class="oracle.dbtools.crest.swingui.relational.TVTable" oid="AAFBD540-4B52-70BE-ADEA-CDFEA182C977" otype="Table" vid="8E62BE25-65FA-3EE2-741C-0D72C95CCC30">
<hideElementsInCurrentOnly>false</hideElementsInCurrentOnly>
<bounds x="573" y="910" width="545" height="226"/>
</OView>
<OView class="oracle.dbtools.crest.swingui.relational.TVTable" oid="B95D6159-BAE0-FB0C-2B6D-AE4CFBB1F86C" otype="Table" vid="76BC3045-07E5-2D5E-0DA5-5717CDFF4CF6">
<hideElementsInCurrentOnly>false</hideElementsInCurrentOnly>
<bounds x="842" y="578" width="340" height="206"/>
</OView>
<OView class="oracle.dbtools.crest.swingui.relational.TVTable" oid="BC24A00B-12A0-A555-8F8F-D41CD2E93530" otype="Table" vid="B1A4EB63-AF69-4B8E-B6C4-99D04CDF77E0">
<hideElementsInCurrentOnly>false</hideElementsInCurrentOnly>
<bounds x="6" y="1366" width="509" height="198"/>
</OView>
<OView class="oracle.dbtools.crest.swingui.relational.TVTable" oid="C839EC9E-55C6-0D2A-739F-CEC718CA7A8A" otype="Table" vid="89DB2EB9-00DA-8D4E-5AAA-452B4194702D">
<hideElementsInCurrentOnly>false</hideElementsInCurrentOnly>
<bounds x="1660" y="625" width="367" height="226"/>
</OView>
</objectViews>
<connectors>
<Connector class="oracle.dbtools.crest.swingui.relational.TVFKRelation" oid="0485E6E3-D1A0-AF13-54BA-7C88AEBF59BA" otype="FKIndexAssociation" vid_source="76BC3045-07E5-2D5E-0DA5-5717CDFF4CF6" vid_target="45655A48-05D7-7682-351E-0C3B18BCAA2A">
<hideElementsInCurrentOnly>false</hideElementsInCurrentOnly>
<backgroundColor>-16777216</backgroundColor>
<lineWidth>1</lineWidth>
<points>
<point x="1165" y="784"/>
<point x="1410" y="949"/>
</points>
</Connector>
<Connector class="oracle.dbtools.crest.swingui.relational.TVFKRelation" oid="171FE5A2-DCF6-CA4A-6E50-6AC997703C49" otype="FKIndexAssociation" vid_source="76BC3045-07E5-2D5E-0DA5-5717CDFF4CF6" vid_target="18BA87C1-51C4-CE1C-E6D9-32F7B2DC7B6F">
<hideElementsInCurrentOnly>false</hideElementsInCurrentOnly>
<backgroundColor>-16777216</backgroundColor>
<lineWidth>1</lineWidth>
<points>
<point x="1012" y="578"/>
<point x="1012" y="518"/>
</points>
</Connector>
<Connector class="oracle.dbtools.crest.swingui.relational.TVFKRelation" oid="1C36A5AB-F9E3-1874-92C8-1D84BBCC0B15" otype="FKIndexAssociation" vid_source="221D7475-CDDC-E4A2-E063-34412CFB5E82" vid_target="B1A4EB63-AF69-4B8E-B6C4-99D04CDF77E0">
<hideElementsInCurrentOnly>false</hideElementsInCurrentOnly>
<backgroundColor>-16777216</backgroundColor>
<lineWidth>1</lineWidth>
<points>
<point x="160" y="1224"/>
<point x="160" y="1366"/>
</points>
</Connector>
<Connector class="oracle.dbtools.crest.swingui.relational.TVFKRelation" oid="23294137-2010-721B-1FC2-BD63860720AD" otype="FKIndexAssociation" vid_source="18BA87C1-51C4-CE1C-E6D9-32F7B2DC7B6F" vid_target="29DD384C-E3E0-DAC5-3D5A-91D3CA3468A8">
<hideElementsInCurrentOnly>false</hideElementsInCurrentOnly>
<backgroundColor>-16777216</backgroundColor>
<lineWidth>1</lineWidth>
<points>
<point x="1103" y="292"/>
<point x="1103" y="232"/>
</points>
</Connector>
<Connector class="oracle.dbtools.crest.swingui.relational.TVFKRelation" oid="26C20A80-0DC2-33C8-F8EB-2C0B7B543594" otype="FKIndexAssociation" vid_source="37749EA7-0351-2E70-9B4D-E83BAAC2925E" vid_target="B1A4EB63-AF69-4B8E-B6C4-99D04CDF77E0">
<hideElementsInCurrentOnly>false</hideElementsInCurrentOnly>
<backgroundColor>-16777216</backgroundColor>
<lineWidth>1</lineWidth>
<points>
<point x="696" y="1403"/>
<point x="515" y="1403"/>
</points>
</Connector>
<Connector class="oracle.dbtools.crest.swingui.relational.TVFKRelation" oid="594DB795-BB1B-9B05-043B-B80443382808" otype="FKIndexAssociation" vid_source="18BA87C1-51C4-CE1C-E6D9-32F7B2DC7B6F" vid_target="82CD6B95-2FFD-C333-A209-DC2F8D6CBAFF">
<hideElementsInCurrentOnly>false</hideElementsInCurrentOnly>
<backgroundColor>-16777216</backgroundColor>
<lineWidth>1</lineWidth>
<points>
<point x="841" y="448"/>
<point x="659" y="448"/>
</points>
</Connector>
<Connector class="oracle.dbtools.crest.swingui.relational.TVFKRelation" oid="7EFBDAAC-73BC-CE11-B49C-FBB12601EF03" otype="FKIndexAssociation" vid_source="76BC3045-07E5-2D5E-0DA5-5717CDFF4CF6" vid_target="90D1D467-37EB-7167-C18E-3495AAF903B9">
<hideElementsInCurrentOnly>false</hideElementsInCurrentOnly>
<backgroundColor>-16777216</backgroundColor>
<lineWidth>1</lineWidth>
<points>
<point x="842" y="739"/>
<point x="473" y="865"/>
</points>
</Connector>
<Connector class="oracle.dbtools.crest.swingui.relational.TVFKRelation" oid="A16C92E7-81D0-CAD7-66BE-0A9EA9A731F3" otype="FKIndexAssociation" vid_source="76BC3045-07E5-2D5E-0DA5-5717CDFF4CF6" vid_target="8E62BE25-65FA-3EE2-741C-0D72C95CCC30">
<hideElementsInCurrentOnly>false</hideElementsInCurrentOnly>
<backgroundColor>-16777216</backgroundColor>
<lineWidth>1</lineWidth>
<points>
<point x="980" y="784"/>
<point x="980" y="910"/>
</points>
</Connector>
<Connector class="oracle.dbtools.crest.swingui.relational.TVFKRelation" oid="C8DBE9FD-4887-25C1-B822-7CC41C3BDEC1" otype="FKIndexAssociation" vid_source="53F8D7EF-EE70-A57B-D6AA-81688FF5CCCF" vid_target="29DD384C-E3E0-DAC5-3D5A-91D3CA3468A8">
<hideElementsInCurrentOnly>false</hideElementsInCurrentOnly>
<backgroundColor>-16777216</backgroundColor>
<lineWidth>1</lineWidth>
<points>
<point x="1503" y="81"/>
<point x="1423" y="81"/>
</points>
</Connector>
<Connector class="oracle.dbtools.crest.swingui.relational.TVFKRelation" oid="C9F02FAB-C8AC-91B0-8943-4A0461830173" otype="FKIndexAssociation" vid_source="5C472FE9-7898-2793-C52B-DD52A414EB67" vid_target="18BA87C1-51C4-CE1C-E6D9-32F7B2DC7B6F">
<hideElementsInCurrentOnly>false</hideElementsInCurrentOnly>
<backgroundColor>-16777216</backgroundColor>
<lineWidth>1</lineWidth>
<points>
<point x="1446" y="353"/>
<point x="1366" y="353"/>
</points>
</Connector>
<Connector class="oracle.dbtools.crest.swingui.relational.TVFKRelation" oid="F7220FA8-86FC-AF28-8744-B8C44616702A" otype="FKIndexAssociation" vid_source="76BC3045-07E5-2D5E-0DA5-5717CDFF4CF6" vid_target="89DB2EB9-00DA-8D4E-5AAA-452B4194702D">
<hideElementsInCurrentOnly>false</hideElementsInCurrentOnly>
<backgroundColor>-16777216</backgroundColor>
<lineWidth>1</lineWidth>
<points>
<point x="1182" y="704"/>
<point x="1660" y="704"/>
</points>
</Connector>
<Connector class="oracle.dbtools.crest.swingui.relational.TVFKRelation" oid="F7D035A4-9630-847B-1076-6C707E781FAE" otype="FKIndexAssociation" vid_source="37749EA7-0351-2E70-9B4D-E83BAAC2925E" vid_target="8E62BE25-65FA-3EE2-741C-0D72C95CCC30">
<hideElementsInCurrentOnly>false</hideElementsInCurrentOnly>
<backgroundColor>-16777216</backgroundColor>
<lineWidth>1</lineWidth>
<points>
<point x="893" y="1305"/>
<point x="893" y="1136"/>
</points>
</Connector>
<Connector class="oracle.dbtools.crest.swingui.relational.TVFKRelation" oid="F998F564-6608-7A1F-2132-A152653290A7" otype="FKIndexAssociation" vid_source="221D7475-CDDC-E4A2-E063-34412CFB5E82" vid_target="90D1D467-37EB-7167-C18E-3495AAF903B9">
<hideElementsInCurrentOnly>false</hideElementsInCurrentOnly>
<backgroundColor>-16777216</backgroundColor>
<lineWidth>1</lineWidth>
<points>
<point x="160" y="1102"/>
<point x="160" y="1042"/>
</points>
</Connector>
</connectors>
</Diagram>