<?xml version = '1.0' encoding = 'UTF-8'?>
<SegmentOraclev10g class="oracle.dbtools.crest.model.design.storage.oracle.v10g.SegmentOraclev10g" name="Storage1" directorySegmentName="seg_0" id="FBBC416B-8A49-D899-963A-5D1E53E82B60">
<createdBy>lcast</createdBy>
<createdTime>2022-06-20 16:20:26 UTC</createdTime>
<ownerDesignName>ModeloER</ownerDesignName>
<maxTrans>255</maxTrans>
<scInitialExtent>65536</scInitialExtent>
<scMaxExtents>2147483645</scMaxExtents>
<scNextExtent>1048576</scNextExtent>
</SegmentOraclev10g>