<?xml version = '1.0' encoding = 'UTF-8'?>
<UserOraclev10g class="oracle.dbtools.crest.model.design.storage.oracle.v10g.UserOraclev10g" name="CDO_OKR" directorySegmentName="seg_0" id="1A7CCB2D-E72B-7640-46FD-3680BD49DBD4">
<sourceConnName>CDO_OKR@local</sourceConnName>
<sourceObjName>CDO_OKR</sourceObjName>
<createdBy>lcast</createdBy>
<createdTime>2022-06-20 16:20:26 UTC</createdTime>
<ownerDesignName>ModeloER</ownerDesignName>
<schemaObject>8AC118B7-BFBB-B66A-79F5-754C941CC663</schemaObject>
<defTableSpace>0AC4F13F-4238-C6B6-1CEB-B2FB232D935E</defTableSpace>
<privilegesWithAdminOption>UNLIMITED TABLESPACE</privilegesWithAdminOption>
<profile>DEFAULT</profile>
</UserOraclev10g>