<?xml version = '1.0' encoding = 'UTF-8'?>
<UserOraclev10g class="oracle.dbtools.crest.model.design.storage.oracle.v10g.UserOraclev10g" name="MDSYS" directorySegmentName="seg_0" id="MDSYS">
<sourceConnName>CDO_OKR@local</sourceConnName>
<sourceObjName>MDSYS</sourceObjName>
<createdBy>lcast</createdBy>
<createdTime>2022-06-20 16:19:47 UTC</createdTime>
<ownerDesignName>ModeloER</ownerDesignName>
<schemaObject>898D6241-D817-FD62-E9F8-A2BFE87317FC</schemaObject>
<nullInstance>true</nullInstance>
<storableNullInstance>true</storableNullInstance>
<privileges>CREATE TYPE, DELETE ANY TABLE, SELECT ANY TABLE, INHERIT ANY PRIVILEGES, CREATE OPERATOR, CREATE SEQUENCE, CREATE VIEW, ALTER ANY TABLE, UNLIMITED TABLESPACE, EXEMPT ACCESS POLICY, DROP ANY TRIGGER, CREATE TABLE, CREATE ANY TRIGGER, CREATE PROCEDURE, CREATE ANY SEQUENCE, CREATE PUBLIC SYNONYM, CREATE LIBRARY, DROP PUBLIC SYNONYM, CREATE SESSION, UPDATE ANY TABLE, MANAGE SCHEDULER, CREATE JOB, CREATE INDEXTYPE, FLASHBACK ANY TABLE, ADMINISTER DATABASE TRIGGER</privileges>
<profile>DEFAULT</profile>
</UserOraclev10g>