<?xml version = '1.0' encoding = 'UTF-8'?>
<Table class="oracle.dbtools.crest.model.design.relational.Table" directorySegmentName="seg_0" id="217BA16B-4843-7BF6-39A9-85735457FE1C" schemaObject="8AC118B7-BFBB-B66A-79F5-754C941CC663" name="TF_CAT_PREGUNTAS">
<sourceConnName>CDO_OKR@local</sourceConnName>
<sourceObjSchema>CDO_OKR</sourceObjSchema>
<sourceObjName>TF_CAT_PREGUNTAS</sourceObjName>
<createdBy>lcast</createdBy>
<createdTime>2022-06-20 16:20:26 UTC</createdTime>
<ownerDesignName>ModeloER</ownerDesignName>
<allowColumnReorder>false</allowColumnReorder>
<existDependencyGenerateInDDl>true</existDependencyGenerateInDDl>
<parsed>true</parsed>
<columns itemClass="oracle.dbtools.crest.model.design.relational.Column">
<Column name="PREGUNTA_ID" id="FB12C04D-0E73-57BB-2AF9-BCF622E9F02D">
<sourceConnName>CDO_OKR@local</sourceConnName>
<sourceObjSchema>TF_CAT_PREGUNTAS</sourceObjSchema>
<sourceObjName>PREGUNTA_ID</sourceObjName>
<createdBy>lcast</createdBy>
<createdTime>2022-06-20 16:20:27 UTC</createdTime>
<ownerDesignName>ModeloER</ownerDesignName>
<useDomainConstraints>false</useDomainConstraints>
<use>1</use>
<logicalDatatype>LOGDT019</logicalDatatype>
<dataTypePrecision>19</dataTypePrecision>
<dataTypeScale>0</dataTypeScale>
<ownDataTypeParameters>,19,0</ownDataTypeParameters>
<autoIncrementColumn>true</autoIncrementColumn>
<autoIncrementCycle>false</autoIncrementCycle>
<autoIncrementSequenceName>SQ_TF_CAT_PREGUNTAS</autoIncrementSequenceName>
<autoIncrementTriggerName>TR_TF_CAT_PREGUNTAS</autoIncrementTriggerName>
</Column>
<Column name="DESCRIPCION" id="0577E7B7-C8F8-7109-8A97-0411CDCBF26A">
<sourceConnName>CDO_OKR@local</sourceConnName>
<sourceObjSchema>TF_CAT_PREGUNTAS</sourceObjSchema>
<sourceObjName>DESCRIPCION</sourceObjName>
<createdBy>lcast</createdBy>
<createdTime>2022-06-20 16:20:27 UTC</createdTime>
<ownerDesignName>ModeloER</ownerDesignName>
<useDomainConstraints>false</useDomainConstraints>
<use>1</use>
<logicalDatatype>LogDes-7DD553FD-11E8-61FA-399D-2E531FB621D0@LOGDT10035</logicalDatatype>
<dataTypeSize>4000</dataTypeSize>
<ownDataTypeParameters>4000,,</ownDataTypeParameters>
<autoIncrementCycle>false</autoIncrementCycle>
</Column>
<Column name="ACTIVE_FLAG" id="A1E56E46-C9D8-3256-3A42-2372E7468CC3">
<sourceConnName>CDO_OKR@local</sourceConnName>
<sourceObjSchema>TF_CAT_PREGUNTAS</sourceObjSchema>
<sourceObjName>ACTIVE_FLAG</sourceObjName>
<createdBy>lcast</createdBy>
<createdTime>2022-06-20 16:20:27 UTC</createdTime>
<ownerDesignName>ModeloER</ownerDesignName>
<useDomainConstraints>false</useDomainConstraints>
<use>1</use>
<logicalDatatype>LOGDT019</logicalDatatype>
<dataTypePrecision>1</dataTypePrecision>
<dataTypeScale>0</dataTypeScale>
<defaultValue>1</defaultValue>
<ownDataTypeParameters>,1,0</ownDataTypeParameters>
<autoIncrementCycle>false</autoIncrementCycle>
</Column>
<Column name="LAST_UPDATE" id="79893DB5-0EF6-C7FC-2231-DD84AFE42C84">
<sourceConnName>CDO_OKR@local</sourceConnName>
<sourceObjSchema>TF_CAT_PREGUNTAS</sourceObjSchema>
<sourceObjName>LAST_UPDATE</sourceObjName>
<createdBy>lcast</createdBy>
<createdTime>2022-06-20 16:20:27 UTC</createdTime>
<ownerDesignName>ModeloER</ownerDesignName>
<useDomainConstraints>false</useDomainConstraints>
<use>1</use>
<logicalDatatype>LOGDT015</logicalDatatype>
<dataTypePrecision>7</dataTypePrecision>
<defaultValue>(sysdate)</defaultValue>
<ownDataTypeParameters>,7,</ownDataTypeParameters>
<autoIncrementCycle>false</autoIncrementCycle>
</Column>
</columns>
<indexes itemClass="oracle.dbtools.crest.model.design.relational.Index">
<ind_PK_UK id="0BDBDD7D-597C-1FF1-F421-2ECB3D6228E1" name="PK_TF_PREGUNTAS">
<sourceConnName>CDO_OKR@local</sourceConnName>
<sourceObjSchema>CDO_OKR</sourceObjSchema>
<sourceObjName>PK_TF_PREGUNTAS</sourceObjName>
<createdBy>lcast</createdBy>
<createdTime>2022-06-20 16:20:27 UTC</createdTime>
<ownerDesignName>ModeloER</ownerDesignName>
<pk>true</pk>
<indexState>Primary Constraint</indexState>
<isSurrogateKey>false</isSurrogateKey>
<indexColumnUsage>
<colUsage columnID="FB12C04D-0E73-57BB-2AF9-BCF622E9F02D"/>
</indexColumnUsage>
</ind_PK_UK>
<ind_PK_UK id="E911A188-5330-ECA8-CEF8-BBB0044ECDFA" schemaObject="8AC118B7-BFBB-B66A-79F5-754C941CC663" name="PK_TF_PREGUNTAS">
<sourceConnName>CDO_OKR@local</sourceConnName>
<sourceObjSchema>CDO_OKR</sourceObjSchema>
<sourceObjName>PK_TF_PREGUNTAS</sourceObjName>
<createdBy>lcast</createdBy>
<createdTime>2022-06-20 16:20:27 UTC</createdTime>
<ownerDesignName>ModeloER</ownerDesignName>
<indexState>Unique Plain Index</indexState>
<isSurrogateKey>false</isSurrogateKey>
<indexColumnUsage>
<colUsage columnID="FB12C04D-0E73-57BB-2AF9-BCF622E9F02D"/>
</indexColumnUsage>
</ind_PK_UK>
</indexes>
</Table>