<?xml version = '1.0' encoding = 'UTF-8'?>
<Table class="oracle.dbtools.crest.model.design.relational.Table" directorySegmentName="seg_0" id="4AEFF4A0-75BB-BAF8-BAA6-B9A46D481793" schemaObject="8AC118B7-BFBB-B66A-79F5-754C941CC663" name="TF_EMPLEADO_DIAS_HO_XREF">
<sourceConnName>CDO_OKR@local</sourceConnName>
<sourceObjSchema>CDO_OKR</sourceObjSchema>
<sourceObjName>TF_EMPLEADO_DIAS_HO_XREF</sourceObjName>
<createdBy>lcast</createdBy>
<createdTime>2022-06-20 16:20:26 UTC</createdTime>
<ownerDesignName>ModeloER</ownerDesignName>
<allowColumnReorder>false</allowColumnReorder>
<existDependencyGenerateInDDl>true</existDependencyGenerateInDDl>
<parsed>true</parsed>
<columns itemClass="oracle.dbtools.crest.model.design.relational.Column">
<Column name="EMPLEADO_DIA_HO_ID" id="0D7A7CEC-31ED-47BA-A375-C361C960BB3F">
<sourceConnName>CDO_OKR@local</sourceConnName>
<sourceObjSchema>TF_EMPLEADO_DIAS_HO_XREF</sourceObjSchema>
<sourceObjName>EMPLEADO_DIA_HO_ID</sourceObjName>
<createdBy>lcast</createdBy>
<createdTime>2022-06-20 16:20:27 UTC</createdTime>
<ownerDesignName>ModeloER</ownerDesignName>
<useDomainConstraints>false</useDomainConstraints>
<use>1</use>
<logicalDatatype>LOGDT019</logicalDatatype>
<dataTypePrecision>19</dataTypePrecision>
<dataTypeScale>0</dataTypeScale>
<ownDataTypeParameters>,19,0</ownDataTypeParameters>
<autoIncrementColumn>true</autoIncrementColumn>
<autoIncrementCycle>false</autoIncrementCycle>
<autoIncrementSequenceName>SQ_TF_EMPLEADO_DIAS_HO_XREF</autoIncrementSequenceName>
<autoIncrementTriggerName>TR_TF_EMPLEADO_DIAS_HO_XREF</autoIncrementTriggerName>
</Column>
<Column name="EMPLEADO_ID" id="E6D7EFD5-54F2-211F-7100-5E6C9455312B">
<sourceConnName>CDO_OKR@local</sourceConnName>
<sourceObjSchema>TF_EMPLEADO_DIAS_HO_XREF</sourceObjSchema>
<sourceObjName>EMPLEADO_ID</sourceObjName>
<createdBy>lcast</createdBy>
<createdTime>2022-06-20 16:20:27 UTC</createdTime>
<ownerDesignName>ModeloER</ownerDesignName>
<useDomainConstraints>false</useDomainConstraints>
<use>1</use>
<logicalDatatype>LOGDT019</logicalDatatype>
<dataTypePrecision>18</dataTypePrecision>
<dataTypeScale>0</dataTypeScale>
<ownDataTypeParameters>,18,0</ownDataTypeParameters>
<autoIncrementCycle>false</autoIncrementCycle>
<associations>
<colAssociation fkAssociation="7EFBDAAC-73BC-CE11-B49C-FBB12601EF03" referredColumn="EF23A7B5-EF54-AA66-46A0-6687E5C69EC5"/>
</associations>
</Column>
<Column name="DIA_HOME_OFFICE_ID" id="252F8B73-EAE3-0800-86F3-186C02DA85E3">
<sourceConnName>CDO_OKR@local</sourceConnName>
<sourceObjSchema>TF_EMPLEADO_DIAS_HO_XREF</sourceObjSchema>
<sourceObjName>DIA_HOME_OFFICE_ID</sourceObjName>
<createdBy>lcast</createdBy>
<createdTime>2022-06-20 16:20:27 UTC</createdTime>
<ownerDesignName>ModeloER</ownerDesignName>
<useDomainConstraints>false</useDomainConstraints>
<use>1</use>
<logicalDatatype>LOGDT019</logicalDatatype>
<dataTypePrecision>18</dataTypePrecision>
<dataTypeScale>0</dataTypeScale>
<ownDataTypeParameters>,18,0</ownDataTypeParameters>
<autoIncrementCycle>false</autoIncrementCycle>
<associations>
<colAssociation fkAssociation="F998F564-6608-7A1F-2132-A152653290A7" referredColumn="3AA35548-E332-9EDD-16AC-0255D26BA5EB"/>
</associations>
</Column>
<Column name="ACTIVE_FLAG" id="D6C27BB4-9EBC-56B9-BE3E-8A13C328F40B">
<sourceConnName>CDO_OKR@local</sourceConnName>
<sourceObjSchema>TF_EMPLEADO_DIAS_HO_XREF</sourceObjSchema>
<sourceObjName>ACTIVE_FLAG</sourceObjName>
<createdBy>lcast</createdBy>
<createdTime>2022-06-20 16:20:27 UTC</createdTime>
<ownerDesignName>ModeloER</ownerDesignName>
<useDomainConstraints>false</useDomainConstraints>
<use>1</use>
<logicalDatatype>LOGDT019</logicalDatatype>
<dataTypePrecision>1</dataTypePrecision>
<dataTypeScale>0</dataTypeScale>
<defaultValue>1</defaultValue>
<ownDataTypeParameters>,1,0</ownDataTypeParameters>
<autoIncrementCycle>false</autoIncrementCycle>
</Column>
<Column name="LAST_UPDATE" id="C98CA868-A246-E36E-F27F-62773A4E2E77">
<sourceConnName>CDO_OKR@local</sourceConnName>
<sourceObjSchema>TF_EMPLEADO_DIAS_HO_XREF</sourceObjSchema>
<sourceObjName>LAST_UPDATE</sourceObjName>
<createdBy>lcast</createdBy>
<createdTime>2022-06-20 16:20:27 UTC</createdTime>
<ownerDesignName>ModeloER</ownerDesignName>
<useDomainConstraints>false</useDomainConstraints>
<use>1</use>
<logicalDatatype>LOGDT015</logicalDatatype>
<dataTypePrecision>7</dataTypePrecision>
<defaultValue>(sysdate)</defaultValue>
<ownDataTypeParameters>,7,</ownDataTypeParameters>
<autoIncrementCycle>false</autoIncrementCycle>
</Column>
</columns>
<indexes itemClass="oracle.dbtools.crest.model.design.relational.Index">
<ind_PK_UK id="7887650E-E840-8912-88E0-89DA8B4DF2BF" name="PK_EMPLEADO_DIAS_HO">
<sourceConnName>CDO_OKR@local</sourceConnName>
<sourceObjSchema>CDO_OKR</sourceObjSchema>
<sourceObjName>PK_EMPLEADO_DIAS_HO</sourceObjName>
<createdBy>lcast</createdBy>
<createdTime>2022-06-20 16:20:27 UTC</createdTime>
<ownerDesignName>ModeloER</ownerDesignName>
<pk>true</pk>
<indexState>Primary Constraint</indexState>
<isSurrogateKey>false</isSurrogateKey>
<indexColumnUsage>
<colUsage columnID="0D7A7CEC-31ED-47BA-A375-C361C960BB3F"/>
</indexColumnUsage>
</ind_PK_UK>
<ind_PK_UK id="42C79B8D-FCB1-19E3-F798-7F84F98A1F97" schemaObject="8AC118B7-BFBB-B66A-79F5-754C941CC663" name="IX_TF_EMPLEADO_DIAS_HO_XREF_DIA_HOME_OFFICE_ID">
<sourceConnName>CDO_OKR@local</sourceConnName>
<sourceObjSchema>CDO_OKR</sourceObjSchema>
<sourceObjName>IX_TF_EMPLEADO_DIAS_HO_XREF_DIA_HOME_OFFICE_ID</sourceObjName>
<createdBy>lcast</createdBy>
<createdTime>2022-06-20 16:20:27 UTC</createdTime>
<ownerDesignName>ModeloER</ownerDesignName>
<isSurrogateKey>false</isSurrogateKey>
<indexColumnUsage>
<colUsage columnID="252F8B73-EAE3-0800-86F3-186C02DA85E3"/>
</indexColumnUsage>
</ind_PK_UK>
<ind_PK_UK id="993C4504-CC4D-F58A-9868-6B22AAB2B783" schemaObject="8AC118B7-BFBB-B66A-79F5-754C941CC663" name="IX_TF_EMPLEADO_DIAS_HO_XREF_EMPLEADO_ID">
<sourceConnName>CDO_OKR@local</sourceConnName>
<sourceObjSchema>CDO_OKR</sourceObjSchema>
<sourceObjName>IX_TF_EMPLEADO_DIAS_HO_XREF_EMPLEADO_ID</sourceObjName>
<createdBy>lcast</createdBy>
<createdTime>2022-06-20 16:20:27 UTC</createdTime>
<ownerDesignName>ModeloER</ownerDesignName>
<isSurrogateKey>false</isSurrogateKey>
<indexColumnUsage>
<colUsage columnID="E6D7EFD5-54F2-211F-7100-5E6C9455312B"/>
</indexColumnUsage>
</ind_PK_UK>
<ind_PK_UK id="FECE5094-4C50-10CB-636A-B58258520F9E" schemaObject="8AC118B7-BFBB-B66A-79F5-754C941CC663" name="PK_EMPLEADO_DIAS_HO">
<sourceConnName>CDO_OKR@local</sourceConnName>
<sourceObjSchema>CDO_OKR</sourceObjSchema>
<sourceObjName>PK_EMPLEADO_DIAS_HO</sourceObjName>
<createdBy>lcast</createdBy>
<createdTime>2022-06-20 16:20:27 UTC</createdTime>
<ownerDesignName>ModeloER</ownerDesignName>
<indexState>Unique Plain Index</indexState>
<isSurrogateKey>false</isSurrogateKey>
<indexColumnUsage>
<colUsage columnID="0D7A7CEC-31ED-47BA-A375-C361C960BB3F"/>
</indexColumnUsage>
</ind_PK_UK>
<ind_PK_UK id="C1899062-26C0-5555-5C22-D99DD1BAF9AE" name="FK_DIA_HO_EMPLEADO_XREF">
<createdBy>lcast</createdBy>
<createdTime>2022-06-20 16:20:28 UTC</createdTime>
<ownerDesignName>ModeloER</ownerDesignName>
<indexState>Foreign Key</indexState>
<isSurrogateKey>false</isSurrogateKey>
<indexColumnUsage>
<colUsage columnID="252F8B73-EAE3-0800-86F3-186C02DA85E3"/>
</indexColumnUsage>
</ind_PK_UK>
<ind_PK_UK id="12518F35-A7FD-1EB5-F9AE-68A6035A91AE" name="FK_EMPLEADO_DIAS_HO_XREF">
<createdBy>lcast</createdBy>
<createdTime>2022-06-20 16:20:28 UTC</createdTime>
<ownerDesignName>ModeloER</ownerDesignName>
<indexState>Foreign Key</indexState>
<isSurrogateKey>false</isSurrogateKey>
<indexColumnUsage>
<colUsage columnID="E6D7EFD5-54F2-211F-7100-5E6C9455312B"/>
</indexColumnUsage>
</ind_PK_UK>
</indexes>
</Table>