<?xml version = '1.0' encoding = 'UTF-8'?>
<Table class="oracle.dbtools.crest.model.design.relational.Table" directorySegmentName="seg_0" id="6298D4FD-9830-11EE-A5BE-BCAEA0A3EAC4" schemaObject="8AC118B7-BFBB-B66A-79F5-754C941CC663" name="OKR_CAT_DIRECCIONES_EJECUTIVAS">
<sourceConnName>CDO_OKR@local</sourceConnName>
<sourceObjSchema>CDO_OKR</sourceObjSchema>
<sourceObjName>OKR_CAT_DIRECCIONES_EJECUTIVAS</sourceObjName>
<createdBy>lcast</createdBy>
<createdTime>2022-06-20 17:03:27 UTC</createdTime>
<ownerDesignName>ModeloER</ownerDesignName>
<importedID>AEA17452-7FC5-9202-0026-6BC05D68CF35</importedID>
<allowColumnReorder>false</allowColumnReorder>
<existDependencyGenerateInDDl>true</existDependencyGenerateInDDl>
<parsed>true</parsed>
<columns itemClass="oracle.dbtools.crest.model.design.relational.Column">
<Column name="DIRECCION_EJECUTIVA_ID" id="6A8FE859-CD8E-712C-15AC-6DE92435A64D">
<sourceConnName>CDO_OKR@local</sourceConnName>
<sourceObjSchema>OKR_CAT_DIRECCIONES_EJECUTIVAS</sourceObjSchema>
<sourceObjName>DIRECCION_EJECUTIVA_ID</sourceObjName>
<createdBy>lcast</createdBy>
<createdTime>2022-06-20 17:03:27 UTC</createdTime>
<ownerDesignName>ModeloER</ownerDesignName>
<importedID>A8FFEFA3-3B3C-FA25-08C4-933B3F9B839C</importedID>
<useDomainConstraints>false</useDomainConstraints>
<use>1</use>
<logicalDatatype>LOGDT019</logicalDatatype>
<dataTypePrecision>10</dataTypePrecision>
<dataTypeScale>0</dataTypeScale>
<ownDataTypeParameters>,10,0</ownDataTypeParameters>
<autoIncrementColumn>true</autoIncrementColumn>
<autoIncrementCycle>false</autoIncrementCycle>
<autoIncrementSequenceName>SQ_OKR_CAT_DIRECCION_115363011</autoIncrementSequenceName>
<autoIncrementTriggerName>TR_OKR_CAT_DIRECCION_806223630</autoIncrementTriggerName>
</Column>
<Column name="NUM_DIRECCION_EJECUTIVA" id="37156665-625B-FF98-399F-3C42503FF207">
<sourceConnName>CDO_OKR@local</sourceConnName>
<sourceObjSchema>OKR_CAT_DIRECCIONES_EJECUTIVAS</sourceObjSchema>
<sourceObjName>NUM_DIRECCION_EJECUTIVA</sourceObjName>
<createdBy>lcast</createdBy>
<createdTime>2022-06-20 17:03:27 UTC</createdTime>
<ownerDesignName>ModeloER</ownerDesignName>
<importedID>08B6FC47-AF4A-E3ED-D645-54832F4785E7</importedID>
<nullsAllowed>true</nullsAllowed>
<useDomainConstraints>false</useDomainConstraints>
<use>1</use>
<logicalDatatype>LOGDT019</logicalDatatype>
<dataTypePrecision>19</dataTypePrecision>
<dataTypeScale>0</dataTypeScale>
<ownDataTypeParameters>,19,0</ownDataTypeParameters>
<autoIncrementCycle>false</autoIncrementCycle>
</Column>
<Column name="DESCRIPCION" id="D6E9CD41-CA60-8C18-884A-D47B236C7774">
<sourceConnName>CDO_OKR@local</sourceConnName>
<sourceObjSchema>OKR_CAT_DIRECCIONES_EJECUTIVAS</sourceObjSchema>
<sourceObjName>DESCRIPCION</sourceObjName>
<createdBy>lcast</createdBy>
<createdTime>2022-06-20 17:03:27 UTC</createdTime>
<ownerDesignName>ModeloER</ownerDesignName>
<importedID>F77320A3-3818-FE5C-A3E0-71AE9E83F60C</importedID>
<useDomainConstraints>false</useDomainConstraints>
<use>1</use>
<logicalDatatype>LOGDT037</logicalDatatype>
<dataTypeSize>255</dataTypeSize>
<ownDataTypeParameters>255,,</ownDataTypeParameters>
<autoIncrementCycle>false</autoIncrementCycle>
</Column>
<Column name="LAST_UPDATE" id="730775C5-110F-B8EB-256F-8DA02B2E9F8A">
<sourceConnName>CDO_OKR@local</sourceConnName>
<sourceObjSchema>OKR_CAT_DIRECCIONES_EJECUTIVAS</sourceObjSchema>
<sourceObjName>LAST_UPDATE</sourceObjName>
<createdBy>lcast</createdBy>
<createdTime>2022-06-20 17:03:27 UTC</createdTime>
<ownerDesignName>ModeloER</ownerDesignName>
<importedID>4FEE0404-66E6-F4B3-7082-1D140606A05E</importedID>
<useDomainConstraints>false</useDomainConstraints>
<use>1</use>
<logicalDatatype>LOGDT015</logicalDatatype>
<dataTypePrecision>7</dataTypePrecision>
<defaultValue>(sysdate)</defaultValue>
<ownDataTypeParameters>,7,</ownDataTypeParameters>
<autoIncrementCycle>false</autoIncrementCycle>
</Column>
<Column name="ACTIVE_FLAG" id="934B0C08-060B-7F93-92DA-10E0ECF6A62F">
<sourceConnName>CDO_OKR@local</sourceConnName>
<sourceObjSchema>OKR_CAT_DIRECCIONES_EJECUTIVAS</sourceObjSchema>
<sourceObjName>ACTIVE_FLAG</sourceObjName>
<createdBy>lcast</createdBy>
<createdTime>2022-06-20 17:03:27 UTC</createdTime>
<ownerDesignName>ModeloER</ownerDesignName>
<importedID>7FA6CB94-4E61-88E6-3C93-94E8160EC164</importedID>
<useDomainConstraints>false</useDomainConstraints>
<use>1</use>
<logicalDatatype>LOGDT019</logicalDatatype>
<dataTypePrecision>1</dataTypePrecision>
<dataTypeScale>0</dataTypeScale>
<defaultValue>1</defaultValue>
<ownDataTypeParameters>,1,0</ownDataTypeParameters>
<autoIncrementCycle>false</autoIncrementCycle>
</Column>
</columns>
<indexes itemClass="oracle.dbtools.crest.model.design.relational.Index">
<ind_PK_UK id="81FEA092-3685-1010-8E14-F834895CD34D" name="PK_OKR_CAT_DIRECCIONES_EJECUTIVAS">
<sourceConnName>CDO_OKR@local</sourceConnName>
<sourceObjSchema>CDO_OKR</sourceObjSchema>
<sourceObjName>PK_OKR_CAT_DIRECCIONES_EJECUTIVAS</sourceObjName>
<createdBy>lcast</createdBy>
<createdTime>2022-06-20 17:03:27 UTC</createdTime>
<ownerDesignName>ModeloER</ownerDesignName>
<importedID>52FD63B8-CF54-16A3-79F5-5BD8315BC9DD</importedID>
<pk>true</pk>
<indexState>Primary Constraint</indexState>
<isSurrogateKey>false</isSurrogateKey>
<indexColumnUsage>
<colUsage columnID="6A8FE859-CD8E-712C-15AC-6DE92435A64D"/>
</indexColumnUsage>
</ind_PK_UK>
<ind_PK_UK id="8C39CC03-398C-962D-2A85-8661253E34A7" schemaObject="8AC118B7-BFBB-B66A-79F5-754C941CC663" name="PK_OKR_CAT_DIRECCIONES_EJECUTIVAS">
<sourceConnName>CDO_OKR@local</sourceConnName>
<sourceObjSchema>CDO_OKR</sourceObjSchema>
<sourceObjName>PK_OKR_CAT_DIRECCIONES_EJECUTIVAS</sourceObjName>
<createdBy>lcast</createdBy>
<createdTime>2022-06-20 17:03:27 UTC</createdTime>
<ownerDesignName>ModeloER</ownerDesignName>
<importedID>3A7545FC-90D2-FD65-0853-B0C58E787822</importedID>
<indexState>Unique Plain Index</indexState>
<isSurrogateKey>false</isSurrogateKey>
<indexColumnUsage>
<colUsage columnID="6A8FE859-CD8E-712C-15AC-6DE92435A64D"/>
</indexColumnUsage>
</ind_PK_UK>
</indexes>
</Table>