<?xml version = '1.0' encoding = 'UTF-8'?>
<Table class="oracle.dbtools.crest.model.design.relational.Table" directorySegmentName="seg_0" id="6FBBADE9-0E40-A4C5-9891-87DDFD277294" schemaObject="8AC118B7-BFBB-B66A-79F5-754C941CC663" name="TF_CAT_ESTATUS_CUESTIONARIO">
<sourceConnName>CDO_OKR@local</sourceConnName>
<sourceObjSchema>CDO_OKR</sourceObjSchema>
<sourceObjName>TF_CAT_ESTATUS_CUESTIONARIO</sourceObjName>
<createdBy>lcast</createdBy>
<createdTime>2022-06-20 16:20:26 UTC</createdTime>
<ownerDesignName>ModeloER</ownerDesignName>
<allowColumnReorder>false</allowColumnReorder>
<existDependencyGenerateInDDl>true</existDependencyGenerateInDDl>
<parsed>true</parsed>
<columns itemClass="oracle.dbtools.crest.model.design.relational.Column">
<Column name="ESTATUS_CUESTIONARIO_ID" id="8FF77EE7-562C-16F1-2B34-4660BB7EFF3F">
<sourceConnName>CDO_OKR@local</sourceConnName>
<sourceObjSchema>TF_CAT_ESTATUS_CUESTIONARIO</sourceObjSchema>
<sourceObjName>ESTATUS_CUESTIONARIO_ID</sourceObjName>
<createdBy>lcast</createdBy>
<createdTime>2022-06-20 16:20:27 UTC</createdTime>
<ownerDesignName>ModeloER</ownerDesignName>
<useDomainConstraints>false</useDomainConstraints>
<use>1</use>
<logicalDatatype>LOGDT019</logicalDatatype>
<dataTypePrecision>19</dataTypePrecision>
<dataTypeScale>0</dataTypeScale>
<ownDataTypeParameters>,19,0</ownDataTypeParameters>
<autoIncrementColumn>true</autoIncrementColumn>
<autoIncrementCycle>false</autoIncrementCycle>
<autoIncrementSequenceName>SQ_TF_CAT_ESTATUS_CUESTIONARIO</autoIncrementSequenceName>
<autoIncrementTriggerName>TR_TF_CAT_ESTATUS_CUESTIONARIO</autoIncrementTriggerName>
</Column>
<Column name="DESCRIPCION" id="ED496ACD-0499-0126-BF0D-65EE622E534F">
<sourceConnName>CDO_OKR@local</sourceConnName>
<sourceObjSchema>TF_CAT_ESTATUS_CUESTIONARIO</sourceObjSchema>
<sourceObjName>DESCRIPCION</sourceObjName>
<createdBy>lcast</createdBy>
<createdTime>2022-06-20 16:20:27 UTC</createdTime>
<ownerDesignName>ModeloER</ownerDesignName>
<useDomainConstraints>false</useDomainConstraints>
<use>1</use>
<logicalDatatype>LOGDT037</logicalDatatype>
<dataTypeSize>255</dataTypeSize>
<ownDataTypeParameters>255,,</ownDataTypeParameters>
<autoIncrementCycle>false</autoIncrementCycle>
</Column>
<Column name="ACTIVE_FLAG" id="CDEEF88D-45F8-9C41-EF75-577E4F027161">
<sourceConnName>CDO_OKR@local</sourceConnName>
<sourceObjSchema>TF_CAT_ESTATUS_CUESTIONARIO</sourceObjSchema>
<sourceObjName>ACTIVE_FLAG</sourceObjName>
<createdBy>lcast</createdBy>
<createdTime>2022-06-20 16:20:27 UTC</createdTime>
<ownerDesignName>ModeloER</ownerDesignName>
<useDomainConstraints>false</useDomainConstraints>
<use>1</use>
<logicalDatatype>LOGDT019</logicalDatatype>
<dataTypePrecision>1</dataTypePrecision>
<dataTypeScale>0</dataTypeScale>
<defaultValue>1</defaultValue>
<ownDataTypeParameters>,1,0</ownDataTypeParameters>
<autoIncrementCycle>false</autoIncrementCycle>
</Column>
<Column name="LAST_UPDATE" id="8839692F-AA49-D3CF-BDDE-A961A5395F72">
<sourceConnName>CDO_OKR@local</sourceConnName>
<sourceObjSchema>TF_CAT_ESTATUS_CUESTIONARIO</sourceObjSchema>
<sourceObjName>LAST_UPDATE</sourceObjName>
<createdBy>lcast</createdBy>
<createdTime>2022-06-20 16:20:27 UTC</createdTime>
<ownerDesignName>ModeloER</ownerDesignName>
<useDomainConstraints>false</useDomainConstraints>
<use>1</use>
<logicalDatatype>LOGDT015</logicalDatatype>
<dataTypePrecision>7</dataTypePrecision>
<defaultValue>(sysdate)</defaultValue>
<ownDataTypeParameters>,7,</ownDataTypeParameters>
<autoIncrementCycle>false</autoIncrementCycle>
</Column>
</columns>
<indexes itemClass="oracle.dbtools.crest.model.design.relational.Index">
<ind_PK_UK id="D10A6C6D-2935-061F-8B06-D69DF66201C2" name="PK_ESTATUS_CUESTIONARIO">
<sourceConnName>CDO_OKR@local</sourceConnName>
<sourceObjSchema>CDO_OKR</sourceObjSchema>
<sourceObjName>PK_ESTATUS_CUESTIONARIO</sourceObjName>
<createdBy>lcast</createdBy>
<createdTime>2022-06-20 16:20:27 UTC</createdTime>
<ownerDesignName>ModeloER</ownerDesignName>
<pk>true</pk>
<indexState>Primary Constraint</indexState>
<isSurrogateKey>false</isSurrogateKey>
<indexColumnUsage>
<colUsage columnID="8FF77EE7-562C-16F1-2B34-4660BB7EFF3F"/>
</indexColumnUsage>
</ind_PK_UK>
<ind_PK_UK id="FF7FDC89-C092-69F7-5BEE-2313141E9288" schemaObject="8AC118B7-BFBB-B66A-79F5-754C941CC663" name="PK_ESTATUS_CUESTIONARIO">
<sourceConnName>CDO_OKR@local</sourceConnName>
<sourceObjSchema>CDO_OKR</sourceObjSchema>
<sourceObjName>PK_ESTATUS_CUESTIONARIO</sourceObjName>
<createdBy>lcast</createdBy>
<createdTime>2022-06-20 16:20:27 UTC</createdTime>
<ownerDesignName>ModeloER</ownerDesignName>
<indexState>Unique Plain Index</indexState>
<isSurrogateKey>false</isSurrogateKey>
<indexColumnUsage>
<colUsage columnID="8FF77EE7-562C-16F1-2B34-4660BB7EFF3F"/>
</indexColumnUsage>
</ind_PK_UK>
</indexes>
</Table>