<?xml version = '1.0' encoding = 'UTF-8'?>
<Table class="oracle.dbtools.crest.model.design.relational.Table" directorySegmentName="seg_0" id="718E4BBA-80A3-362B-668D-A5FB6A8D26BD" schemaObject="8AC118B7-BFBB-B66A-79F5-754C941CC663" name="TF_CUESTIONARIO_PREGUNTAS_XREF">
<sourceConnName>CDO_OKR@local</sourceConnName>
<sourceObjSchema>CDO_OKR</sourceObjSchema>
<sourceObjName>TF_CUESTIONARIO_PREGUNTAS_XREF</sourceObjName>
<createdBy>lcast</createdBy>
<createdTime>2022-06-20 16:20:26 UTC</createdTime>
<ownerDesignName>ModeloER</ownerDesignName>
<allowColumnReorder>false</allowColumnReorder>
<existDependencyGenerateInDDl>true</existDependencyGenerateInDDl>
<parsed>true</parsed>
<columns itemClass="oracle.dbtools.crest.model.design.relational.Column">
<Column name="CUESTIONARIO_PREGUNTAS_ID" id="6EE4B02A-33C3-DE66-EAFB-51174A1E7A63">
<sourceConnName>CDO_OKR@local</sourceConnName>
<sourceObjSchema>TF_CUESTIONARIO_PREGUNTAS_XREF</sourceObjSchema>
<sourceObjName>CUESTIONARIO_PREGUNTAS_ID</sourceObjName>
<createdBy>lcast</createdBy>
<createdTime>2022-06-20 16:20:27 UTC</createdTime>
<ownerDesignName>ModeloER</ownerDesignName>
<useDomainConstraints>false</useDomainConstraints>
<use>1</use>
<logicalDatatype>LOGDT019</logicalDatatype>
<dataTypePrecision>19</dataTypePrecision>
<dataTypeScale>0</dataTypeScale>
<ownDataTypeParameters>,19,0</ownDataTypeParameters>
<autoIncrementColumn>true</autoIncrementColumn>
<autoIncrementCycle>false</autoIncrementCycle>
<autoIncrementSequenceName>SQ_TF_CUESTIONARIO_P_403600321</autoIncrementSequenceName>
<autoIncrementTriggerName>TR_TF_CUESTIONARIO_P_227219834</autoIncrementTriggerName>
</Column>
<Column name="CUESTIONARIO_EMPLEADO_ID" id="68BE02A8-D954-B467-B36E-E8BACC9FDB2D">
<sourceConnName>CDO_OKR@local</sourceConnName>
<sourceObjSchema>TF_CUESTIONARIO_PREGUNTAS_XREF</sourceObjSchema>
<sourceObjName>CUESTIONARIO_EMPLEADO_ID</sourceObjName>
<createdBy>lcast</createdBy>
<createdTime>2022-06-20 16:20:27 UTC</createdTime>
<ownerDesignName>ModeloER</ownerDesignName>
<useDomainConstraints>false</useDomainConstraints>
<use>1</use>
<logicalDatatype>LOGDT019</logicalDatatype>
<dataTypePrecision>18</dataTypePrecision>
<dataTypeScale>0</dataTypeScale>
<ownDataTypeParameters>,18,0</ownDataTypeParameters>
<autoIncrementCycle>false</autoIncrementCycle>
<associations>
<colAssociation fkAssociation="23294137-2010-721B-1FC2-BD63860720AD" referredColumn="43F5189C-2C01-4AEA-3700-169DD57B0FBF"/>
</associations>
</Column>
<Column name="PREGUNTA_ID" id="564B2100-D4B8-CA61-5E4F-4622FDDCBD89">
<sourceConnName>CDO_OKR@local</sourceConnName>
<sourceObjSchema>TF_CUESTIONARIO_PREGUNTAS_XREF</sourceObjSchema>
<sourceObjName>PREGUNTA_ID</sourceObjName>
<createdBy>lcast</createdBy>
<createdTime>2022-06-20 16:20:27 UTC</createdTime>
<ownerDesignName>ModeloER</ownerDesignName>
<useDomainConstraints>false</useDomainConstraints>
<use>1</use>
<logicalDatatype>LOGDT019</logicalDatatype>
<dataTypePrecision>18</dataTypePrecision>
<dataTypeScale>0</dataTypeScale>
<ownDataTypeParameters>,18,0</ownDataTypeParameters>
<autoIncrementCycle>false</autoIncrementCycle>
<associations>
<colAssociation fkAssociation="C8DBE9FD-4887-25C1-B822-7CC41C3BDEC1" referredColumn="FB12C04D-0E73-57BB-2AF9-BCF622E9F02D"/>
</associations>
</Column>
<Column name="CALIFICACION" id="60E2CE24-4F1C-14B9-60E3-B60D57BF4984">
<sourceConnName>CDO_OKR@local</sourceConnName>
<sourceObjSchema>TF_CUESTIONARIO_PREGUNTAS_XREF</sourceObjSchema>
<sourceObjName>CALIFICACION</sourceObjName>
<createdBy>lcast</createdBy>
<createdTime>2022-06-20 16:20:27 UTC</createdTime>
<ownerDesignName>ModeloER</ownerDesignName>
<useDomainConstraints>false</useDomainConstraints>
<use>1</use>
<logicalDatatype>LOGDT019</logicalDatatype>
<dataTypePrecision>1</dataTypePrecision>
<dataTypeScale>0</dataTypeScale>
<defaultValue>0</defaultValue>
<ownDataTypeParameters>,1,0</ownDataTypeParameters>
<autoIncrementCycle>false</autoIncrementCycle>
</Column>
<Column name="ACTIVE_FLAG" id="91140863-D7C2-5FA5-50E0-CBA923BA8B86">
<sourceConnName>CDO_OKR@local</sourceConnName>
<sourceObjSchema>TF_CUESTIONARIO_PREGUNTAS_XREF</sourceObjSchema>
<sourceObjName>ACTIVE_FLAG</sourceObjName>
<createdBy>lcast</createdBy>
<createdTime>2022-06-20 16:20:27 UTC</createdTime>
<ownerDesignName>ModeloER</ownerDesignName>
<useDomainConstraints>false</useDomainConstraints>
<use>1</use>
<logicalDatatype>LOGDT019</logicalDatatype>
<dataTypePrecision>1</dataTypePrecision>
<dataTypeScale>0</dataTypeScale>
<defaultValue>1</defaultValue>
<ownDataTypeParameters>,1,0</ownDataTypeParameters>
<autoIncrementCycle>false</autoIncrementCycle>
</Column>
<Column name="LAST_UPDATE" id="85DC00F7-B705-0A0E-2311-34B12F516F40">
<sourceConnName>CDO_OKR@local</sourceConnName>
<sourceObjSchema>TF_CUESTIONARIO_PREGUNTAS_XREF</sourceObjSchema>
<sourceObjName>LAST_UPDATE</sourceObjName>
<createdBy>lcast</createdBy>
<createdTime>2022-06-20 16:20:27 UTC</createdTime>
<ownerDesignName>ModeloER</ownerDesignName>
<useDomainConstraints>false</useDomainConstraints>
<use>1</use>
<logicalDatatype>LOGDT015</logicalDatatype>
<dataTypePrecision>7</dataTypePrecision>
<defaultValue>(sysdate)</defaultValue>
<ownDataTypeParameters>,7,</ownDataTypeParameters>
<autoIncrementCycle>false</autoIncrementCycle>
</Column>
</columns>
<indexes itemClass="oracle.dbtools.crest.model.design.relational.Index">
<ind_PK_UK id="C67B6A58-4313-216D-331D-6B7419DC2B4F" name="PK_CUESTIONARIO_PREGUNTAS">
<sourceConnName>CDO_OKR@local</sourceConnName>
<sourceObjSchema>CDO_OKR</sourceObjSchema>
<sourceObjName>PK_CUESTIONARIO_PREGUNTAS</sourceObjName>
<createdBy>lcast</createdBy>
<createdTime>2022-06-20 16:20:27 UTC</createdTime>
<ownerDesignName>ModeloER</ownerDesignName>
<pk>true</pk>
<indexState>Primary Constraint</indexState>
<isSurrogateKey>false</isSurrogateKey>
<indexColumnUsage>
<colUsage columnID="6EE4B02A-33C3-DE66-EAFB-51174A1E7A63"/>
</indexColumnUsage>
</ind_PK_UK>
<ind_PK_UK id="71E734D9-A714-1902-768D-1528BAD2C51F" schemaObject="8AC118B7-BFBB-B66A-79F5-754C941CC663" name="IX_TF_CUESTIONARIO_PREGUNTAS_XREF_CUESTIONARIO_EMPLEADO_ID">
<sourceConnName>CDO_OKR@local</sourceConnName>
<sourceObjSchema>CDO_OKR</sourceObjSchema>
<sourceObjName>IX_TF_CUESTIONARIO_PREGUNTAS_XREF_CUESTIONARIO_EMPLEADO_ID</sourceObjName>
<createdBy>lcast</createdBy>
<createdTime>2022-06-20 16:20:27 UTC</createdTime>
<ownerDesignName>ModeloER</ownerDesignName>
<isSurrogateKey>false</isSurrogateKey>
<indexColumnUsage>
<colUsage columnID="68BE02A8-D954-B467-B36E-E8BACC9FDB2D"/>
</indexColumnUsage>
</ind_PK_UK>
<ind_PK_UK id="12C67DEF-4906-E290-5422-9EAC6B0ECB16" schemaObject="8AC118B7-BFBB-B66A-79F5-754C941CC663" name="IX_TF_CUESTIONARIO_PREGUNTAS_XREF_PREGUNTA_ID">
<sourceConnName>CDO_OKR@local</sourceConnName>
<sourceObjSchema>CDO_OKR</sourceObjSchema>
<sourceObjName>IX_TF_CUESTIONARIO_PREGUNTAS_XREF_PREGUNTA_ID</sourceObjName>
<createdBy>lcast</createdBy>
<createdTime>2022-06-20 16:20:27 UTC</createdTime>
<ownerDesignName>ModeloER</ownerDesignName>
<isSurrogateKey>false</isSurrogateKey>
<indexColumnUsage>
<colUsage columnID="564B2100-D4B8-CA61-5E4F-4622FDDCBD89"/>
</indexColumnUsage>
</ind_PK_UK>
<ind_PK_UK id="5B0B6090-2157-C9A6-F9C2-6F2F96B202CD" schemaObject="8AC118B7-BFBB-B66A-79F5-754C941CC663" name="PK_CUESTIONARIO_PREGUNTAS">
<sourceConnName>CDO_OKR@local</sourceConnName>
<sourceObjSchema>CDO_OKR</sourceObjSchema>
<sourceObjName>PK_CUESTIONARIO_PREGUNTAS</sourceObjName>
<createdBy>lcast</createdBy>
<createdTime>2022-06-20 16:20:27 UTC</createdTime>
<ownerDesignName>ModeloER</ownerDesignName>
<indexState>Unique Plain Index</indexState>
<isSurrogateKey>false</isSurrogateKey>
<indexColumnUsage>
<colUsage columnID="6EE4B02A-33C3-DE66-EAFB-51174A1E7A63"/>
</indexColumnUsage>
</ind_PK_UK>
<ind_PK_UK id="011889B9-4852-6D51-2F97-6E179299600E" name="FK_CUESTIONARIO_PREGUNTA_XREF">
<createdBy>lcast</createdBy>
<createdTime>2022-06-20 16:20:28 UTC</createdTime>
<ownerDesignName>ModeloER</ownerDesignName>
<indexState>Foreign Key</indexState>
<isSurrogateKey>false</isSurrogateKey>
<indexColumnUsage>
<colUsage columnID="68BE02A8-D954-B467-B36E-E8BACC9FDB2D"/>
</indexColumnUsage>
</ind_PK_UK>
<ind_PK_UK id="FD393FB9-EFE6-4E41-23A4-001498EB57DE" name="FK_PREGUNTA_CUESTIONARIO_XREF">
<createdBy>lcast</createdBy>
<createdTime>2022-06-20 16:20:28 UTC</createdTime>
<ownerDesignName>ModeloER</ownerDesignName>
<indexState>Foreign Key</indexState>
<isSurrogateKey>false</isSurrogateKey>
<indexColumnUsage>
<colUsage columnID="564B2100-D4B8-CA61-5E4F-4622FDDCBD89"/>
</indexColumnUsage>
</ind_PK_UK>
</indexes>
</Table>