<?xml version = '1.0' encoding = 'UTF-8'?>
<Table class="oracle.dbtools.crest.model.design.relational.Table" directorySegmentName="seg_0" id="8BD33421-DD7C-8574-37B4-1164602B32E9" schemaObject="8AC118B7-BFBB-B66A-79F5-754C941CC663" name="TF_CUESTIONARIO_EMPLEADO">
<sourceConnName>CDO_OKR@local</sourceConnName>
<sourceObjSchema>CDO_OKR</sourceObjSchema>
<sourceObjName>TF_CUESTIONARIO_EMPLEADO</sourceObjName>
<createdBy>lcast</createdBy>
<createdTime>2022-06-20 16:20:26 UTC</createdTime>
<ownerDesignName>ModeloER</ownerDesignName>
<allowColumnReorder>false</allowColumnReorder>
<existDependencyGenerateInDDl>true</existDependencyGenerateInDDl>
<parsed>true</parsed>
<columns itemClass="oracle.dbtools.crest.model.design.relational.Column">
<Column name="CUESTIONARIO_EMPLEADO_ID" id="43F5189C-2C01-4AEA-3700-169DD57B0FBF">
<sourceConnName>CDO_OKR@local</sourceConnName>
<sourceObjSchema>TF_CUESTIONARIO_EMPLEADO</sourceObjSchema>
<sourceObjName>CUESTIONARIO_EMPLEADO_ID</sourceObjName>
<createdBy>lcast</createdBy>
<createdTime>2022-06-20 16:20:27 UTC</createdTime>
<ownerDesignName>ModeloER</ownerDesignName>
<useDomainConstraints>false</useDomainConstraints>
<use>1</use>
<logicalDatatype>LOGDT019</logicalDatatype>
<dataTypePrecision>19</dataTypePrecision>
<dataTypeScale>0</dataTypeScale>
<ownDataTypeParameters>,19,0</ownDataTypeParameters>
<autoIncrementColumn>true</autoIncrementColumn>
<autoIncrementCycle>false</autoIncrementCycle>
<autoIncrementSequenceName>SQ_TF_CUESTIONARIO_EMPLEADO</autoIncrementSequenceName>
<autoIncrementTriggerName>TR_TF_CUESTIONARIO_EMPLEADO</autoIncrementTriggerName>
</Column>
<Column name="EMPLEADO_ID" id="FA0330CD-68E3-6A26-B477-62E32A33C555">
<sourceConnName>CDO_OKR@local</sourceConnName>
<sourceObjSchema>TF_CUESTIONARIO_EMPLEADO</sourceObjSchema>
<sourceObjName>EMPLEADO_ID</sourceObjName>
<createdBy>lcast</createdBy>
<createdTime>2022-06-20 16:20:27 UTC</createdTime>
<ownerDesignName>ModeloER</ownerDesignName>
<useDomainConstraints>false</useDomainConstraints>
<use>1</use>
<logicalDatatype>LOGDT019</logicalDatatype>
<dataTypePrecision>18</dataTypePrecision>
<dataTypeScale>0</dataTypeScale>
<ownDataTypeParameters>,18,0</ownDataTypeParameters>
<autoIncrementCycle>false</autoIncrementCycle>
<associations>
<colAssociation fkAssociation="171FE5A2-DCF6-CA4A-6E50-6AC997703C49" referredColumn="EF23A7B5-EF54-AA66-46A0-6687E5C69EC5"/>
</associations>
</Column>
<Column name="ESTATUS_CUESTIONARIO_ID" id="B572DB3A-70FC-7630-DC3A-D306DF513665">
<sourceConnName>CDO_OKR@local</sourceConnName>
<sourceObjSchema>TF_CUESTIONARIO_EMPLEADO</sourceObjSchema>
<sourceObjName>ESTATUS_CUESTIONARIO_ID</sourceObjName>
<createdBy>lcast</createdBy>
<createdTime>2022-06-20 16:20:27 UTC</createdTime>
<ownerDesignName>ModeloER</ownerDesignName>
<useDomainConstraints>false</useDomainConstraints>
<use>1</use>
<logicalDatatype>LOGDT019</logicalDatatype>
<dataTypePrecision>18</dataTypePrecision>
<dataTypeScale>0</dataTypeScale>
<ownDataTypeParameters>,18,0</ownDataTypeParameters>
<autoIncrementCycle>false</autoIncrementCycle>
<associations>
<colAssociation fkAssociation="C9F02FAB-C8AC-91B0-8943-4A0461830173" referredColumn="8FF77EE7-562C-16F1-2B34-4660BB7EFF3F"/>
</associations>
</Column>
<Column name="HAS_EXCEPTION" id="DB65BED2-3876-B6AA-0D2D-6205AF0B8B89">
<sourceConnName>CDO_OKR@local</sourceConnName>
<sourceObjSchema>TF_CUESTIONARIO_EMPLEADO</sourceObjSchema>
<sourceObjName>HAS_EXCEPTION</sourceObjName>
<createdBy>lcast</createdBy>
<createdTime>2022-06-20 16:20:27 UTC</createdTime>
<ownerDesignName>ModeloER</ownerDesignName>
<useDomainConstraints>false</useDomainConstraints>
<use>1</use>
<logicalDatatype>LOGDT019</logicalDatatype>
<dataTypePrecision>1</dataTypePrecision>
<dataTypeScale>0</dataTypeScale>
<defaultValue>0</defaultValue>
<ownDataTypeParameters>,1,0</ownDataTypeParameters>
<autoIncrementCycle>false</autoIncrementCycle>
</Column>
<Column name="ACTIVE_FLAG" id="95484E93-DCE2-9A80-CC6E-A8887236B36D">
<sourceConnName>CDO_OKR@local</sourceConnName>
<sourceObjSchema>TF_CUESTIONARIO_EMPLEADO</sourceObjSchema>
<sourceObjName>ACTIVE_FLAG</sourceObjName>
<createdBy>lcast</createdBy>
<createdTime>2022-06-20 16:20:27 UTC</createdTime>
<ownerDesignName>ModeloER</ownerDesignName>
<useDomainConstraints>false</useDomainConstraints>
<use>1</use>
<logicalDatatype>LOGDT019</logicalDatatype>
<dataTypePrecision>1</dataTypePrecision>
<dataTypeScale>0</dataTypeScale>
<defaultValue>1</defaultValue>
<ownDataTypeParameters>,1,0</ownDataTypeParameters>
<autoIncrementCycle>false</autoIncrementCycle>
</Column>
<Column name="LAST_UPDATE" id="81847623-CDC4-9F0C-BAEB-13BFD276E163">
<sourceConnName>CDO_OKR@local</sourceConnName>
<sourceObjSchema>TF_CUESTIONARIO_EMPLEADO</sourceObjSchema>
<sourceObjName>LAST_UPDATE</sourceObjName>
<createdBy>lcast</createdBy>
<createdTime>2022-06-20 16:20:27 UTC</createdTime>
<ownerDesignName>ModeloER</ownerDesignName>
<useDomainConstraints>false</useDomainConstraints>
<use>1</use>
<logicalDatatype>LOGDT015</logicalDatatype>
<dataTypePrecision>7</dataTypePrecision>
<defaultValue>(sysdate)</defaultValue>
<ownDataTypeParameters>,7,</ownDataTypeParameters>
<autoIncrementCycle>false</autoIncrementCycle>
</Column>
<Column name="DATE_INSERT" id="DF712954-DFA0-3A06-97E9-15B3495CA6FC">
<sourceConnName>CDO_OKR@local</sourceConnName>
<sourceObjSchema>TF_CUESTIONARIO_EMPLEADO</sourceObjSchema>
<sourceObjName>DATE_INSERT</sourceObjName>
<createdBy>lcast</createdBy>
<createdTime>2022-06-20 16:20:27 UTC</createdTime>
<ownerDesignName>ModeloER</ownerDesignName>
<nullsAllowed>true</nullsAllowed>
<useDomainConstraints>false</useDomainConstraints>
<use>1</use>
<logicalDatatype>LOGDT015</logicalDatatype>
<dataTypePrecision>7</dataTypePrecision>
<ownDataTypeParameters>,7,</ownDataTypeParameters>
<autoIncrementCycle>false</autoIncrementCycle>
</Column>
</columns>
<indexes itemClass="oracle.dbtools.crest.model.design.relational.Index">
<ind_PK_UK id="1C6BE14A-C24D-6C6E-8B1E-02AA5F5084F3" name="PK_CUESTIONARIO_EMPLEADO">
<sourceConnName>CDO_OKR@local</sourceConnName>
<sourceObjSchema>CDO_OKR</sourceObjSchema>
<sourceObjName>PK_CUESTIONARIO_EMPLEADO</sourceObjName>
<createdBy>lcast</createdBy>
<createdTime>2022-06-20 16:20:27 UTC</createdTime>
<ownerDesignName>ModeloER</ownerDesignName>
<pk>true</pk>
<indexState>Primary Constraint</indexState>
<isSurrogateKey>false</isSurrogateKey>
<indexColumnUsage>
<colUsage columnID="43F5189C-2C01-4AEA-3700-169DD57B0FBF"/>
</indexColumnUsage>
</ind_PK_UK>
<ind_PK_UK id="5E366EAF-FD69-F9A7-58F4-4C954F4A5F2B" schemaObject="8AC118B7-BFBB-B66A-79F5-754C941CC663" name="IX_TF_CUESTIONARIO_EMPLEADO_EMPLEADO_ID">
<sourceConnName>CDO_OKR@local</sourceConnName>
<sourceObjSchema>CDO_OKR</sourceObjSchema>
<sourceObjName>IX_TF_CUESTIONARIO_EMPLEADO_EMPLEADO_ID</sourceObjName>
<createdBy>lcast</createdBy>
<createdTime>2022-06-20 16:20:27 UTC</createdTime>
<ownerDesignName>ModeloER</ownerDesignName>
<isSurrogateKey>false</isSurrogateKey>
<indexColumnUsage>
<colUsage columnID="FA0330CD-68E3-6A26-B477-62E32A33C555"/>
</indexColumnUsage>
</ind_PK_UK>
<ind_PK_UK id="971E093D-A25A-A013-0C29-51F3EFD54312" schemaObject="8AC118B7-BFBB-B66A-79F5-754C941CC663" name="IX_TF_CUESTIONARIO_EMPLEADO_ESTATUS_CUESTIONARIO_ID">
<sourceConnName>CDO_OKR@local</sourceConnName>
<sourceObjSchema>CDO_OKR</sourceObjSchema>
<sourceObjName>IX_TF_CUESTIONARIO_EMPLEADO_ESTATUS_CUESTIONARIO_ID</sourceObjName>
<createdBy>lcast</createdBy>
<createdTime>2022-06-20 16:20:27 UTC</createdTime>
<ownerDesignName>ModeloER</ownerDesignName>
<isSurrogateKey>false</isSurrogateKey>
<indexColumnUsage>
<colUsage columnID="B572DB3A-70FC-7630-DC3A-D306DF513665"/>
</indexColumnUsage>
</ind_PK_UK>
<ind_PK_UK id="E8A95C75-09EB-C2C5-48D8-5E9A7DB947DC" schemaObject="8AC118B7-BFBB-B66A-79F5-754C941CC663" name="PK_CUESTIONARIO_EMPLEADO">
<sourceConnName>CDO_OKR@local</sourceConnName>
<sourceObjSchema>CDO_OKR</sourceObjSchema>
<sourceObjName>PK_CUESTIONARIO_EMPLEADO</sourceObjName>
<createdBy>lcast</createdBy>
<createdTime>2022-06-20 16:20:27 UTC</createdTime>
<ownerDesignName>ModeloER</ownerDesignName>
<indexState>Unique Plain Index</indexState>
<isSurrogateKey>false</isSurrogateKey>
<indexColumnUsage>
<colUsage columnID="43F5189C-2C01-4AEA-3700-169DD57B0FBF"/>
</indexColumnUsage>
</ind_PK_UK>
<ind_PK_UK id="FDAE3795-6D0B-B4D6-BE83-90DA42D640B6" name="FK_EMPLEADO_CUESTIONARIO_XREF">
<createdBy>lcast</createdBy>
<createdTime>2022-06-20 16:20:28 UTC</createdTime>
<ownerDesignName>ModeloER</ownerDesignName>
<indexState>Foreign Key</indexState>
<isSurrogateKey>false</isSurrogateKey>
<indexColumnUsage>
<colUsage columnID="FA0330CD-68E3-6A26-B477-62E32A33C555"/>
</indexColumnUsage>
</ind_PK_UK>
<ind_PK_UK id="4CB2E0FD-F0CD-16EB-3EF0-03C5DA154129" name="FK_ESTATUS_CUESTIONARIO">
<createdBy>lcast</createdBy>
<createdTime>2022-06-20 16:20:28 UTC</createdTime>
<ownerDesignName>ModeloER</ownerDesignName>
<indexState>Foreign Key</indexState>
<isSurrogateKey>false</isSurrogateKey>
<indexColumnUsage>
<colUsage columnID="B572DB3A-70FC-7630-DC3A-D306DF513665"/>
</indexColumnUsage>
</ind_PK_UK>
</indexes>
</Table>