<?xml version = '1.0' encoding = 'UTF-8'?>
<Table class="oracle.dbtools.crest.model.design.relational.Table" directorySegmentName="seg_0" id="924B6090-FF7A-DA13-10B1-AF34AC43771A" schemaObject="8AC118B7-BFBB-B66A-79F5-754C941CC663" name="TF_CUESTIONAIRO_EMP_LOG">
<sourceConnName>CDO_OKR@local</sourceConnName>
<sourceObjSchema>CDO_OKR</sourceObjSchema>
<sourceObjName>TF_CUESTIONAIRO_EMP_LOG</sourceObjName>
<createdBy>lcast</createdBy>
<createdTime>2022-06-20 16:20:26 UTC</createdTime>
<ownerDesignName>ModeloER</ownerDesignName>
<allowColumnReorder>false</allowColumnReorder>
<existDependencyGenerateInDDl>true</existDependencyGenerateInDDl>
<parsed>true</parsed>
<columns itemClass="oracle.dbtools.crest.model.design.relational.Column">
<Column name="ID" id="ACEDF0AB-4501-5A7E-269A-D9896384305E">
<sourceConnName>CDO_OKR@local</sourceConnName>
<sourceObjSchema>TF_CUESTIONAIRO_EMP_LOG</sourceObjSchema>
<sourceObjName>ID</sourceObjName>
<createdBy>lcast</createdBy>
<createdTime>2022-06-20 16:20:27 UTC</createdTime>
<ownerDesignName>ModeloER</ownerDesignName>
<useDomainConstraints>false</useDomainConstraints>
<use>1</use>
<logicalDatatype>LOGDT019</logicalDatatype>
<dataTypePrecision>25</dataTypePrecision>
<dataTypeScale>0</dataTypeScale>
<defaultValue>&quot;CDO_OKR&quot;.&quot;SEQ_LOG_CUESTIONARIO_EMP&quot;.&quot;NEXTVAL&quot;</defaultValue>
<ownDataTypeParameters>,25,0</ownDataTypeParameters>
<autoIncrementCycle>false</autoIncrementCycle>
</Column>
<Column name="CUESTIONARIO_EMPLEADO_ID" id="916D5933-8F9D-524B-6C5A-6A25E3AD6586">
<sourceConnName>CDO_OKR@local</sourceConnName>
<sourceObjSchema>TF_CUESTIONAIRO_EMP_LOG</sourceObjSchema>
<sourceObjName>CUESTIONARIO_EMPLEADO_ID</sourceObjName>
<createdBy>lcast</createdBy>
<createdTime>2022-06-20 16:20:27 UTC</createdTime>
<ownerDesignName>ModeloER</ownerDesignName>
<useDomainConstraints>false</useDomainConstraints>
<use>1</use>
<logicalDatatype>LOGDT019</logicalDatatype>
<dataTypePrecision>18</dataTypePrecision>
<dataTypeScale>0</dataTypeScale>
<ownDataTypeParameters>,18,0</ownDataTypeParameters>
<autoIncrementCycle>false</autoIncrementCycle>
</Column>
<Column name="EMPLEADO_ID" id="2CBE4716-AB56-14BB-35BD-AE45EEB4B680">
<sourceConnName>CDO_OKR@local</sourceConnName>
<sourceObjSchema>TF_CUESTIONAIRO_EMP_LOG</sourceObjSchema>
<sourceObjName>EMPLEADO_ID</sourceObjName>
<createdBy>lcast</createdBy>
<createdTime>2022-06-20 16:20:27 UTC</createdTime>
<ownerDesignName>ModeloER</ownerDesignName>
<useDomainConstraints>false</useDomainConstraints>
<use>1</use>
<logicalDatatype>LOGDT019</logicalDatatype>
<dataTypePrecision>18</dataTypePrecision>
<dataTypeScale>0</dataTypeScale>
<ownDataTypeParameters>,18,0</ownDataTypeParameters>
<autoIncrementCycle>false</autoIncrementCycle>
</Column>
<Column name="ESTATUS_CUESTIONARIO_ID" id="6E9E6CF2-B2D7-9BDB-D9E4-766449DD6AF2">
<sourceConnName>CDO_OKR@local</sourceConnName>
<sourceObjSchema>TF_CUESTIONAIRO_EMP_LOG</sourceObjSchema>
<sourceObjName>ESTATUS_CUESTIONARIO_ID</sourceObjName>
<createdBy>lcast</createdBy>
<createdTime>2022-06-20 16:20:27 UTC</createdTime>
<ownerDesignName>ModeloER</ownerDesignName>
<useDomainConstraints>false</useDomainConstraints>
<use>1</use>
<logicalDatatype>LOGDT019</logicalDatatype>
<dataTypePrecision>18</dataTypePrecision>
<dataTypeScale>0</dataTypeScale>
<ownDataTypeParameters>,18,0</ownDataTypeParameters>
<autoIncrementCycle>false</autoIncrementCycle>
</Column>
<Column name="HAS_EXCEPTION" id="7B21D11A-16C0-E85A-28A0-936878DFFF50">
<sourceConnName>CDO_OKR@local</sourceConnName>
<sourceObjSchema>TF_CUESTIONAIRO_EMP_LOG</sourceObjSchema>
<sourceObjName>HAS_EXCEPTION</sourceObjName>
<createdBy>lcast</createdBy>
<createdTime>2022-06-20 16:20:27 UTC</createdTime>
<ownerDesignName>ModeloER</ownerDesignName>
<useDomainConstraints>false</useDomainConstraints>
<use>1</use>
<logicalDatatype>LOGDT019</logicalDatatype>
<dataTypePrecision>1</dataTypePrecision>
<dataTypeScale>0</dataTypeScale>
<defaultValue>1</defaultValue>
<ownDataTypeParameters>,1,0</ownDataTypeParameters>
<autoIncrementCycle>false</autoIncrementCycle>
</Column>
<Column name="LAST_UPDATE" id="10BED471-86FC-0418-DECF-1AC8B28BCB1D">
<sourceConnName>CDO_OKR@local</sourceConnName>
<sourceObjSchema>TF_CUESTIONAIRO_EMP_LOG</sourceObjSchema>
<sourceObjName>LAST_UPDATE</sourceObjName>
<createdBy>lcast</createdBy>
<createdTime>2022-06-20 16:20:27 UTC</createdTime>
<ownerDesignName>ModeloER</ownerDesignName>
<useDomainConstraints>false</useDomainConstraints>
<use>1</use>
<logicalDatatype>LOGDT015</logicalDatatype>
<dataTypePrecision>7</dataTypePrecision>
<defaultValue>SYSDATE</defaultValue>
<ownDataTypeParameters>,7,</ownDataTypeParameters>
<autoIncrementCycle>false</autoIncrementCycle>
</Column>
</columns>
<indexes itemClass="oracle.dbtools.crest.model.design.relational.Index">
<ind_PK_UK id="B5BB09BB-28A5-DD94-E9B6-C6962ABE7314" name="PK_CUESTIONARIO_EMP_LOG">
<sourceConnName>CDO_OKR@local</sourceConnName>
<sourceObjSchema>CDO_OKR</sourceObjSchema>
<sourceObjName>PK_CUESTIONARIO_EMP_LOG</sourceObjName>
<createdBy>lcast</createdBy>
<createdTime>2022-06-20 16:20:27 UTC</createdTime>
<ownerDesignName>ModeloER</ownerDesignName>
<pk>true</pk>
<indexState>Primary Constraint</indexState>
<isSurrogateKey>false</isSurrogateKey>
<indexColumnUsage>
<colUsage columnID="ACEDF0AB-4501-5A7E-269A-D9896384305E"/>
</indexColumnUsage>
</ind_PK_UK>
<ind_PK_UK id="A1D416D4-B1F0-AFD9-6FA6-74264810061A" schemaObject="8AC118B7-BFBB-B66A-79F5-754C941CC663" name="PK_CUESTIONARIO_EMP_LOG">
<sourceConnName>CDO_OKR@local</sourceConnName>
<sourceObjSchema>CDO_OKR</sourceObjSchema>
<sourceObjName>PK_CUESTIONARIO_EMP_LOG</sourceObjName>
<createdBy>lcast</createdBy>
<createdTime>2022-06-20 16:20:27 UTC</createdTime>
<ownerDesignName>ModeloER</ownerDesignName>
<indexState>Unique Plain Index</indexState>
<isSurrogateKey>false</isSurrogateKey>
<indexColumnUsage>
<colUsage columnID="ACEDF0AB-4501-5A7E-269A-D9896384305E"/>
</indexColumnUsage>
</ind_PK_UK>
</indexes>
</Table>