<?xml version = '1.0' encoding = 'UTF-8'?>
<Table class="oracle.dbtools.crest.model.design.relational.Table" directorySegmentName="seg_0" id="96C71614-82B1-B9C9-8EF6-FDA09766EDEE" schemaObject="8AC118B7-BFBB-B66A-79F5-754C941CC663" name="TF_EMPLEADO_CONSIDERACION">
<sourceConnName>CDO_OKR@local</sourceConnName>
<sourceObjSchema>CDO_OKR</sourceObjSchema>
<sourceObjName>TF_EMPLEADO_CONSIDERACION</sourceObjName>
<createdBy>lcast</createdBy>
<createdTime>2022-06-20 16:20:26 UTC</createdTime>
<ownerDesignName>ModeloER</ownerDesignName>
<allowColumnReorder>false</allowColumnReorder>
<existDependencyGenerateInDDl>true</existDependencyGenerateInDDl>
<parsed>true</parsed>
<columns itemClass="oracle.dbtools.crest.model.design.relational.Column">
<Column name="EMPLEADO_CONSIDERACION_ID" id="B77D1691-2A39-CADC-0265-61B7B9330D90">
<sourceConnName>CDO_OKR@local</sourceConnName>
<sourceObjSchema>TF_EMPLEADO_CONSIDERACION</sourceObjSchema>
<sourceObjName>EMPLEADO_CONSIDERACION_ID</sourceObjName>
<createdBy>lcast</createdBy>
<createdTime>2022-06-20 16:20:27 UTC</createdTime>
<ownerDesignName>ModeloER</ownerDesignName>
<useDomainConstraints>false</useDomainConstraints>
<use>1</use>
<logicalDatatype>LOGDT019</logicalDatatype>
<dataTypePrecision>19</dataTypePrecision>
<dataTypeScale>0</dataTypeScale>
<ownDataTypeParameters>,19,0</ownDataTypeParameters>
<autoIncrementColumn>true</autoIncrementColumn>
<autoIncrementCycle>false</autoIncrementCycle>
<autoIncrementSequenceName>SQ_TF_EMPLEADO_CONSIDERACION</autoIncrementSequenceName>
<autoIncrementTriggerName>TR_TF_EMPLEADO_CONSIDERACION</autoIncrementTriggerName>
</Column>
<Column name="DESCRIPCION" id="7E6BC9BB-A285-8825-12BE-0FCAD4E4471E">
<sourceConnName>CDO_OKR@local</sourceConnName>
<sourceObjSchema>TF_EMPLEADO_CONSIDERACION</sourceObjSchema>
<sourceObjName>DESCRIPCION</sourceObjName>
<createdBy>lcast</createdBy>
<createdTime>2022-06-20 16:20:27 UTC</createdTime>
<ownerDesignName>ModeloER</ownerDesignName>
<useDomainConstraints>false</useDomainConstraints>
<use>1</use>
<logicalDatatype>LogDes-7DD553FD-11E8-61FA-399D-2E531FB621D0@LOGDT10035</logicalDatatype>
<dataTypeSize>4000</dataTypeSize>
<ownDataTypeParameters>4000,,</ownDataTypeParameters>
<autoIncrementCycle>false</autoIncrementCycle>
</Column>
<Column name="CUESTIONARIO_EMPLEADO_ID" id="053BD227-E195-EF60-3F3F-36379A94F20D">
<sourceConnName>CDO_OKR@local</sourceConnName>
<sourceObjSchema>TF_EMPLEADO_CONSIDERACION</sourceObjSchema>
<sourceObjName>CUESTIONARIO_EMPLEADO_ID</sourceObjName>
<createdBy>lcast</createdBy>
<createdTime>2022-06-20 16:20:27 UTC</createdTime>
<ownerDesignName>ModeloER</ownerDesignName>
<useDomainConstraints>false</useDomainConstraints>
<use>1</use>
<logicalDatatype>LOGDT019</logicalDatatype>
<dataTypePrecision>18</dataTypePrecision>
<dataTypeScale>0</dataTypeScale>
<ownDataTypeParameters>,18,0</ownDataTypeParameters>
<autoIncrementCycle>false</autoIncrementCycle>
<associations>
<colAssociation fkAssociation="594DB795-BB1B-9B05-043B-B80443382808" referredColumn="43F5189C-2C01-4AEA-3700-169DD57B0FBF"/>
</associations>
</Column>
<Column name="ACTIVE_FLAG" id="B5A0E899-A0D8-6162-6AC8-49E9CD56F933">
<sourceConnName>CDO_OKR@local</sourceConnName>
<sourceObjSchema>TF_EMPLEADO_CONSIDERACION</sourceObjSchema>
<sourceObjName>ACTIVE_FLAG</sourceObjName>
<createdBy>lcast</createdBy>
<createdTime>2022-06-20 16:20:27 UTC</createdTime>
<ownerDesignName>ModeloER</ownerDesignName>
<useDomainConstraints>false</useDomainConstraints>
<use>1</use>
<logicalDatatype>LOGDT019</logicalDatatype>
<dataTypePrecision>1</dataTypePrecision>
<dataTypeScale>0</dataTypeScale>
<defaultValue>1</defaultValue>
<ownDataTypeParameters>,1,0</ownDataTypeParameters>
<autoIncrementCycle>false</autoIncrementCycle>
</Column>
<Column name="LAST_UPDATE" id="408CA24A-7AC6-16A5-8D75-03CC321CB9CE">
<sourceConnName>CDO_OKR@local</sourceConnName>
<sourceObjSchema>TF_EMPLEADO_CONSIDERACION</sourceObjSchema>
<sourceObjName>LAST_UPDATE</sourceObjName>
<createdBy>lcast</createdBy>
<createdTime>2022-06-20 16:20:27 UTC</createdTime>
<ownerDesignName>ModeloER</ownerDesignName>
<useDomainConstraints>false</useDomainConstraints>
<use>1</use>
<logicalDatatype>LOGDT015</logicalDatatype>
<dataTypePrecision>7</dataTypePrecision>
<defaultValue>(sysdate)</defaultValue>
<ownDataTypeParameters>,7,</ownDataTypeParameters>
<autoIncrementCycle>false</autoIncrementCycle>
</Column>
</columns>
<indexes itemClass="oracle.dbtools.crest.model.design.relational.Index">
<ind_PK_UK id="C49947CB-C671-9CCA-6698-66FD8BC5D553" name="PK_EMPLEADO_CONSIDERACION">
<sourceConnName>CDO_OKR@local</sourceConnName>
<sourceObjSchema>CDO_OKR</sourceObjSchema>
<sourceObjName>PK_EMPLEADO_CONSIDERACION</sourceObjName>
<createdBy>lcast</createdBy>
<createdTime>2022-06-20 16:20:27 UTC</createdTime>
<ownerDesignName>ModeloER</ownerDesignName>
<pk>true</pk>
<indexState>Primary Constraint</indexState>
<isSurrogateKey>false</isSurrogateKey>
<indexColumnUsage>
<colUsage columnID="B77D1691-2A39-CADC-0265-61B7B9330D90"/>
</indexColumnUsage>
</ind_PK_UK>
<ind_PK_UK id="FF45EECA-330D-1C4F-0D38-83A98ECD0223" schemaObject="8AC118B7-BFBB-B66A-79F5-754C941CC663" name="IX_TF_EMPLEADO_CONSIDERACION_CUESTIONARIO_EMPLEADO_ID">
<sourceConnName>CDO_OKR@local</sourceConnName>
<sourceObjSchema>CDO_OKR</sourceObjSchema>
<sourceObjName>IX_TF_EMPLEADO_CONSIDERACION_CUESTIONARIO_EMPLEADO_ID</sourceObjName>
<createdBy>lcast</createdBy>
<createdTime>2022-06-20 16:20:27 UTC</createdTime>
<ownerDesignName>ModeloER</ownerDesignName>
<indexState>Unique Plain Index</indexState>
<isSurrogateKey>false</isSurrogateKey>
<indexColumnUsage>
<colUsage columnID="053BD227-E195-EF60-3F3F-36379A94F20D"/>
</indexColumnUsage>
</ind_PK_UK>
<ind_PK_UK id="985537FA-E5C8-E240-2A2E-C1BFC9DB4B64" schemaObject="8AC118B7-BFBB-B66A-79F5-754C941CC663" name="PK_EMPLEADO_CONSIDERACION">
<sourceConnName>CDO_OKR@local</sourceConnName>
<sourceObjSchema>CDO_OKR</sourceObjSchema>
<sourceObjName>PK_EMPLEADO_CONSIDERACION</sourceObjName>
<createdBy>lcast</createdBy>
<createdTime>2022-06-20 16:20:27 UTC</createdTime>
<ownerDesignName>ModeloER</ownerDesignName>
<indexState>Unique Plain Index</indexState>
<isSurrogateKey>false</isSurrogateKey>
<indexColumnUsage>
<colUsage columnID="B77D1691-2A39-CADC-0265-61B7B9330D90"/>
</indexColumnUsage>
</ind_PK_UK>
<ind_PK_UK id="785C8E5B-108E-4B00-3490-26D0E51EADE4" name="FK_EMPLEADO_CONSIDERACION">
<createdBy>lcast</createdBy>
<createdTime>2022-06-20 16:20:28 UTC</createdTime>
<ownerDesignName>ModeloER</ownerDesignName>
<indexState>Foreign Key</indexState>
<isSurrogateKey>false</isSurrogateKey>
<indexColumnUsage>
<colUsage columnID="053BD227-E195-EF60-3F3F-36379A94F20D"/>
</indexColumnUsage>
</ind_PK_UK>
</indexes>
</Table>