<?xml version = '1.0' encoding = 'UTF-8'?>
<Table class="oracle.dbtools.crest.model.design.relational.Table" directorySegmentName="seg_0" id="A4C394C4-827B-F5F2-E36E-404F3ED7CE77" schemaObject="8AC118B7-BFBB-B66A-79F5-754C941CC663" name="TF_CAT_DIAS_HOME_OFFICE">
<sourceConnName>CDO_OKR@local</sourceConnName>
<sourceObjSchema>CDO_OKR</sourceObjSchema>
<sourceObjName>TF_CAT_DIAS_HOME_OFFICE</sourceObjName>
<createdBy>lcast</createdBy>
<createdTime>2022-06-20 16:20:26 UTC</createdTime>
<ownerDesignName>ModeloER</ownerDesignName>
<allowColumnReorder>false</allowColumnReorder>
<existDependencyGenerateInDDl>true</existDependencyGenerateInDDl>
<parsed>true</parsed>
<columns itemClass="oracle.dbtools.crest.model.design.relational.Column">
<Column name="DIA_HOME_OFFICE_ID" id="3AA35548-E332-9EDD-16AC-0255D26BA5EB">
<sourceConnName>CDO_OKR@local</sourceConnName>
<sourceObjSchema>TF_CAT_DIAS_HOME_OFFICE</sourceObjSchema>
<sourceObjName>DIA_HOME_OFFICE_ID</sourceObjName>
<createdBy>lcast</createdBy>
<createdTime>2022-06-20 16:20:27 UTC</createdTime>
<ownerDesignName>ModeloER</ownerDesignName>
<useDomainConstraints>false</useDomainConstraints>
<use>1</use>
<logicalDatatype>LOGDT019</logicalDatatype>
<dataTypePrecision>19</dataTypePrecision>
<dataTypeScale>0</dataTypeScale>
<ownDataTypeParameters>,19,0</ownDataTypeParameters>
<autoIncrementColumn>true</autoIncrementColumn>
<autoIncrementCycle>false</autoIncrementCycle>
<autoIncrementSequenceName>SQ_TF_CAT_DIAS_HOME_OFFICE</autoIncrementSequenceName>
<autoIncrementTriggerName>TR_TF_CAT_DIAS_HOME_OFFICE</autoIncrementTriggerName>
</Column>
<Column name="DESCRIPCION" id="11764301-5DB7-4D29-4D5C-D8B314AB4806">
<sourceConnName>CDO_OKR@local</sourceConnName>
<sourceObjSchema>TF_CAT_DIAS_HOME_OFFICE</sourceObjSchema>
<sourceObjName>DESCRIPCION</sourceObjName>
<createdBy>lcast</createdBy>
<createdTime>2022-06-20 16:20:27 UTC</createdTime>
<ownerDesignName>ModeloER</ownerDesignName>
<useDomainConstraints>false</useDomainConstraints>
<use>1</use>
<logicalDatatype>LOGDT037</logicalDatatype>
<dataTypeSize>255</dataTypeSize>
<ownDataTypeParameters>255,,</ownDataTypeParameters>
<autoIncrementCycle>false</autoIncrementCycle>
</Column>
<Column name="ACTIVE_FLAG" id="EDDF8962-4BAD-4CFA-47BF-1FE5A882B0A0">
<sourceConnName>CDO_OKR@local</sourceConnName>
<sourceObjSchema>TF_CAT_DIAS_HOME_OFFICE</sourceObjSchema>
<sourceObjName>ACTIVE_FLAG</sourceObjName>
<createdBy>lcast</createdBy>
<createdTime>2022-06-20 16:20:27 UTC</createdTime>
<ownerDesignName>ModeloER</ownerDesignName>
<useDomainConstraints>false</useDomainConstraints>
<use>1</use>
<logicalDatatype>LOGDT019</logicalDatatype>
<dataTypePrecision>1</dataTypePrecision>
<dataTypeScale>0</dataTypeScale>
<defaultValue>1</defaultValue>
<ownDataTypeParameters>,1,0</ownDataTypeParameters>
<autoIncrementCycle>false</autoIncrementCycle>
</Column>
<Column name="LAST_UPDATE" id="70B741C4-7BCC-1965-C449-893C4AC97B27">
<sourceConnName>CDO_OKR@local</sourceConnName>
<sourceObjSchema>TF_CAT_DIAS_HOME_OFFICE</sourceObjSchema>
<sourceObjName>LAST_UPDATE</sourceObjName>
<createdBy>lcast</createdBy>
<createdTime>2022-06-20 16:20:27 UTC</createdTime>
<ownerDesignName>ModeloER</ownerDesignName>
<useDomainConstraints>false</useDomainConstraints>
<use>1</use>
<logicalDatatype>LOGDT015</logicalDatatype>
<dataTypePrecision>7</dataTypePrecision>
<defaultValue>(sysdate)</defaultValue>
<ownDataTypeParameters>,7,</ownDataTypeParameters>
<autoIncrementCycle>false</autoIncrementCycle>
</Column>
</columns>
<indexes itemClass="oracle.dbtools.crest.model.design.relational.Index">
<ind_PK_UK id="7FF2AE3F-5034-DF2C-7470-E69653790289" name="PK_DIAS_HOME_OFFICE">
<sourceConnName>CDO_OKR@local</sourceConnName>
<sourceObjSchema>CDO_OKR</sourceObjSchema>
<sourceObjName>PK_DIAS_HOME_OFFICE</sourceObjName>
<createdBy>lcast</createdBy>
<createdTime>2022-06-20 16:20:27 UTC</createdTime>
<ownerDesignName>ModeloER</ownerDesignName>
<pk>true</pk>
<indexState>Primary Constraint</indexState>
<isSurrogateKey>false</isSurrogateKey>
<indexColumnUsage>
<colUsage columnID="3AA35548-E332-9EDD-16AC-0255D26BA5EB"/>
</indexColumnUsage>
</ind_PK_UK>
<ind_PK_UK id="873BDE62-1C01-F7E9-9BBD-50E1B2C075FE" schemaObject="8AC118B7-BFBB-B66A-79F5-754C941CC663" name="PK_DIAS_HOME_OFFICE">
<sourceConnName>CDO_OKR@local</sourceConnName>
<sourceObjSchema>CDO_OKR</sourceObjSchema>
<sourceObjName>PK_DIAS_HOME_OFFICE</sourceObjName>
<createdBy>lcast</createdBy>
<createdTime>2022-06-20 16:20:27 UTC</createdTime>
<ownerDesignName>ModeloER</ownerDesignName>
<indexState>Unique Plain Index</indexState>
<isSurrogateKey>false</isSurrogateKey>
<indexColumnUsage>
<colUsage columnID="3AA35548-E332-9EDD-16AC-0255D26BA5EB"/>
</indexColumnUsage>
</ind_PK_UK>
</indexes>
</Table>