<?xml version = '1.0' encoding = 'UTF-8'?>
<Table class="oracle.dbtools.crest.model.design.relational.Table" directorySegmentName="seg_0" id="A76E68B0-A84D-9D21-7072-F8A090C8DB73" schemaObject="8AC118B7-BFBB-B66A-79F5-754C941CC663" name="OKR_EMPLEADO_CENTRO_FINANCIERO_XREF">
<sourceConnName>CDO_OKR@local</sourceConnName>
<sourceObjSchema>CDO_OKR</sourceObjSchema>
<sourceObjName>OKR_EMPLEADO_CENTRO_FINANCIERO_XREF</sourceObjName>
<createdBy>lcast</createdBy>
<createdTime>2022-06-20 16:20:26 UTC</createdTime>
<ownerDesignName>ModeloER</ownerDesignName>
<allowColumnReorder>false</allowColumnReorder>
<existDependencyGenerateInDDl>true</existDependencyGenerateInDDl>
<parsed>true</parsed>
<columns itemClass="oracle.dbtools.crest.model.design.relational.Column">
<Column name="EMPLEADO_CENTRO_FINANCIERO_ID" id="7420D6D7-AE81-CC6A-D10C-2904697DF9DC">
<sourceConnName>CDO_OKR@local</sourceConnName>
<sourceObjSchema>OKR_EMPLEADO_CENTRO_FINANCIERO_XREF</sourceObjSchema>
<sourceObjName>EMPLEADO_CENTRO_FINANCIERO_ID</sourceObjName>
<createdBy>lcast</createdBy>
<createdTime>2022-06-20 16:20:27 UTC</createdTime>
<ownerDesignName>ModeloER</ownerDesignName>
<useDomainConstraints>false</useDomainConstraints>
<use>1</use>
<logicalDatatype>LOGDT019</logicalDatatype>
<dataTypePrecision>19</dataTypePrecision>
<dataTypeScale>0</dataTypeScale>
<ownDataTypeParameters>,19,0</ownDataTypeParameters>
<autoIncrementColumn>true</autoIncrementColumn>
<autoIncrementCycle>false</autoIncrementCycle>
<autoIncrementSequenceName>SQ_OKR_EMPLEADO_CEN_1532704353</autoIncrementSequenceName>
<autoIncrementTriggerName>TR_OKR_EMPLEADO_CEN_1383909570</autoIncrementTriggerName>
</Column>
<Column name="EMPLEADO_ID" id="4C5D0BB1-3D5E-3D1B-7675-D0784DD46C55">
<sourceConnName>CDO_OKR@local</sourceConnName>
<sourceObjSchema>OKR_EMPLEADO_CENTRO_FINANCIERO_XREF</sourceObjSchema>
<sourceObjName>EMPLEADO_ID</sourceObjName>
<createdBy>lcast</createdBy>
<createdTime>2022-06-20 16:20:27 UTC</createdTime>
<ownerDesignName>ModeloER</ownerDesignName>
<useDomainConstraints>false</useDomainConstraints>
<use>1</use>
<logicalDatatype>LOGDT019</logicalDatatype>
<dataTypePrecision>19</dataTypePrecision>
<dataTypeScale>0</dataTypeScale>
<ownDataTypeParameters>,19,0</ownDataTypeParameters>
<autoIncrementCycle>false</autoIncrementCycle>
<associations>
<colAssociation fkAssociation="0485E6E3-D1A0-AF13-54BA-7C88AEBF59BA" referredColumn="EF23A7B5-EF54-AA66-46A0-6687E5C69EC5"/>
</associations>
</Column>
<Column name="CENTRO_FINANCIERO_ID" id="992BACE9-7B5E-C795-33BF-BE4E8580C53B">
<sourceConnName>CDO_OKR@local</sourceConnName>
<sourceObjSchema>OKR_EMPLEADO_CENTRO_FINANCIERO_XREF</sourceObjSchema>
<sourceObjName>CENTRO_FINANCIERO_ID</sourceObjName>
<createdBy>lcast</createdBy>
<createdTime>2022-06-20 16:20:27 UTC</createdTime>
<ownerDesignName>ModeloER</ownerDesignName>
<useDomainConstraints>false</useDomainConstraints>
<use>1</use>
<logicalDatatype>LOGDT019</logicalDatatype>
<dataTypePrecision>10</dataTypePrecision>
<dataTypeScale>0</dataTypeScale>
<ownDataTypeParameters>,10,0</ownDataTypeParameters>
<autoIncrementCycle>false</autoIncrementCycle>
</Column>
<Column name="FECHA_ALTA" id="8C143C5A-A87B-C260-4865-09CF4AA9F63B">
<sourceConnName>CDO_OKR@local</sourceConnName>
<sourceObjSchema>OKR_EMPLEADO_CENTRO_FINANCIERO_XREF</sourceObjSchema>
<sourceObjName>FECHA_ALTA</sourceObjName>
<createdBy>lcast</createdBy>
<createdTime>2022-06-20 16:20:27 UTC</createdTime>
<ownerDesignName>ModeloER</ownerDesignName>
<useDomainConstraints>false</useDomainConstraints>
<use>1</use>
<logicalDatatype>LOGDT015</logicalDatatype>
<dataTypePrecision>7</dataTypePrecision>
<ownDataTypeParameters>,7,</ownDataTypeParameters>
<autoIncrementCycle>false</autoIncrementCycle>
</Column>
<Column name="FECHA_BAJA" id="D244EE81-1326-CB26-6A91-1EE0721681F3">
<sourceConnName>CDO_OKR@local</sourceConnName>
<sourceObjSchema>OKR_EMPLEADO_CENTRO_FINANCIERO_XREF</sourceObjSchema>
<sourceObjName>FECHA_BAJA</sourceObjName>
<createdBy>lcast</createdBy>
<createdTime>2022-06-20 16:20:27 UTC</createdTime>
<ownerDesignName>ModeloER</ownerDesignName>
<nullsAllowed>true</nullsAllowed>
<useDomainConstraints>false</useDomainConstraints>
<use>1</use>
<logicalDatatype>LOGDT015</logicalDatatype>
<dataTypePrecision>7</dataTypePrecision>
<ownDataTypeParameters>,7,</ownDataTypeParameters>
<autoIncrementCycle>false</autoIncrementCycle>
</Column>
<Column name="LAST_UPDATE" id="285CED6B-6852-851D-F871-E2B08644F679">
<sourceConnName>CDO_OKR@local</sourceConnName>
<sourceObjSchema>OKR_EMPLEADO_CENTRO_FINANCIERO_XREF</sourceObjSchema>
<sourceObjName>LAST_UPDATE</sourceObjName>
<createdBy>lcast</createdBy>
<createdTime>2022-06-20 16:20:27 UTC</createdTime>
<ownerDesignName>ModeloER</ownerDesignName>
<useDomainConstraints>false</useDomainConstraints>
<use>1</use>
<logicalDatatype>LOGDT015</logicalDatatype>
<dataTypePrecision>7</dataTypePrecision>
<defaultValue>(sysdate)</defaultValue>
<ownDataTypeParameters>,7,</ownDataTypeParameters>
<autoIncrementCycle>false</autoIncrementCycle>
</Column>
<Column name="ACTIVE_FLAG" id="C6767CE7-7AF8-A6B9-E38A-432495D2103A">
<sourceConnName>CDO_OKR@local</sourceConnName>
<sourceObjSchema>OKR_EMPLEADO_CENTRO_FINANCIERO_XREF</sourceObjSchema>
<sourceObjName>ACTIVE_FLAG</sourceObjName>
<createdBy>lcast</createdBy>
<createdTime>2022-06-20 16:20:27 UTC</createdTime>
<ownerDesignName>ModeloER</ownerDesignName>
<useDomainConstraints>false</useDomainConstraints>
<use>1</use>
<logicalDatatype>LOGDT019</logicalDatatype>
<dataTypePrecision>1</dataTypePrecision>
<dataTypeScale>0</dataTypeScale>
<defaultValue>1</defaultValue>
<ownDataTypeParameters>,1,0</ownDataTypeParameters>
<autoIncrementCycle>false</autoIncrementCycle>
</Column>
</columns>
<indexes itemClass="oracle.dbtools.crest.model.design.relational.Index">
<ind_PK_UK id="84D38AC0-9F14-B57C-1329-47956F5C1FE3" name="PK_OKR_EMPLEADO_CENTRO_FINANCIERO_XREF">
<sourceConnName>CDO_OKR@local</sourceConnName>
<sourceObjSchema>CDO_OKR</sourceObjSchema>
<sourceObjName>PK_OKR_EMPLEADO_CENTRO_FINANCIERO_XREF</sourceObjName>
<createdBy>lcast</createdBy>
<createdTime>2022-06-20 16:20:27 UTC</createdTime>
<ownerDesignName>ModeloER</ownerDesignName>
<pk>true</pk>
<indexState>Primary Constraint</indexState>
<isSurrogateKey>false</isSurrogateKey>
<indexColumnUsage>
<colUsage columnID="7420D6D7-AE81-CC6A-D10C-2904697DF9DC"/>
</indexColumnUsage>
</ind_PK_UK>
<ind_PK_UK id="614264C4-F565-85C1-A77C-F7AC86F2BE9E" schemaObject="8AC118B7-BFBB-B66A-79F5-754C941CC663" name="IX_OKR_EMPLEADO_CENTRO_FINANCIERO_XREF_CENTRO_FINANCIERO_ID">
<sourceConnName>CDO_OKR@local</sourceConnName>
<sourceObjSchema>CDO_OKR</sourceObjSchema>
<sourceObjName>IX_OKR_EMPLEADO_CENTRO_FINANCIERO_XREF_CENTRO_FINANCIERO_ID</sourceObjName>
<createdBy>lcast</createdBy>
<createdTime>2022-06-20 16:20:27 UTC</createdTime>
<ownerDesignName>ModeloER</ownerDesignName>
<isSurrogateKey>false</isSurrogateKey>
<indexColumnUsage>
<colUsage columnID="992BACE9-7B5E-C795-33BF-BE4E8580C53B"/>
</indexColumnUsage>
</ind_PK_UK>
<ind_PK_UK id="115C4076-B6F0-D68E-EF8B-72281CB98D29" schemaObject="8AC118B7-BFBB-B66A-79F5-754C941CC663" name="IX_OKR_EMPLEADO_CENTRO_FINANCIERO_XREF_EMPLEADO_ID">
<sourceConnName>CDO_OKR@local</sourceConnName>
<sourceObjSchema>CDO_OKR</sourceObjSchema>
<sourceObjName>IX_OKR_EMPLEADO_CENTRO_FINANCIERO_XREF_EMPLEADO_ID</sourceObjName>
<createdBy>lcast</createdBy>
<createdTime>2022-06-20 16:20:27 UTC</createdTime>
<ownerDesignName>ModeloER</ownerDesignName>
<isSurrogateKey>false</isSurrogateKey>
<indexColumnUsage>
<colUsage columnID="4C5D0BB1-3D5E-3D1B-7675-D0784DD46C55"/>
</indexColumnUsage>
</ind_PK_UK>
<ind_PK_UK id="C65D9F7F-5651-B9DF-97A3-21BDC035137C" schemaObject="8AC118B7-BFBB-B66A-79F5-754C941CC663" name="PK_OKR_EMPLEADO_CENTRO_FINANCIERO_XREF">
<sourceConnName>CDO_OKR@local</sourceConnName>
<sourceObjSchema>CDO_OKR</sourceObjSchema>
<sourceObjName>PK_OKR_EMPLEADO_CENTRO_FINANCIERO_XREF</sourceObjName>
<createdBy>lcast</createdBy>
<createdTime>2022-06-20 16:20:27 UTC</createdTime>
<ownerDesignName>ModeloER</ownerDesignName>
<indexState>Unique Plain Index</indexState>
<isSurrogateKey>false</isSurrogateKey>
<indexColumnUsage>
<colUsage columnID="7420D6D7-AE81-CC6A-D10C-2904697DF9DC"/>
</indexColumnUsage>
</ind_PK_UK>
<ind_PK_UK id="801A3AEC-593E-7E54-B750-A98D08797FA7" name="FK_OKR_CAT_CENTROS_FINANCIEROS_EMPLEADO_CENTRO_FINANCIERO_XREF">
<createdBy>lcast</createdBy>
<createdTime>2022-06-20 16:20:28 UTC</createdTime>
<ownerDesignName>ModeloER</ownerDesignName>
<indexState>Foreign Key</indexState>
<isSurrogateKey>false</isSurrogateKey>
<indexColumnUsage>
<colUsage columnID="992BACE9-7B5E-C795-33BF-BE4E8580C53B"/>
</indexColumnUsage>
</ind_PK_UK>
<ind_PK_UK id="4BA9579C-65D1-AD73-9D4A-B8EB1BF3274C" name="FK_OKR_EMPLEADOS_EMPEADOS_CENTROS_FINANCIEROS_XREF">
<createdBy>lcast</createdBy>
<createdTime>2022-06-20 16:20:28 UTC</createdTime>
<ownerDesignName>ModeloER</ownerDesignName>
<indexState>Foreign Key</indexState>
<isSurrogateKey>false</isSurrogateKey>
<indexColumnUsage>
<colUsage columnID="4C5D0BB1-3D5E-3D1B-7675-D0784DD46C55"/>
</indexColumnUsage>
</ind_PK_UK>
</indexes>
</Table>