<?xml version = '1.0' encoding = 'UTF-8'?>
<Table class="oracle.dbtools.crest.model.design.relational.Table" directorySegmentName="seg_0" id="AAFBD540-4B52-70BE-ADEA-CDFEA182C977" schemaObject="8AC118B7-BFBB-B66A-79F5-754C941CC663" name="OKR_EMPLEADO_DIR_EJEC_XREF">
<sourceConnName>CDO_OKR@local</sourceConnName>
<sourceObjSchema>CDO_OKR</sourceObjSchema>
<sourceObjName>OKR_EMPLEADO_DIR_EJEC_XREF</sourceObjName>
<createdBy>lcast</createdBy>
<createdTime>2022-06-20 16:20:26 UTC</createdTime>
<ownerDesignName>ModeloER</ownerDesignName>
<allowColumnReorder>false</allowColumnReorder>
<existDependencyGenerateInDDl>true</existDependencyGenerateInDDl>
<parsed>true</parsed>
<columns itemClass="oracle.dbtools.crest.model.design.relational.Column">
<Column name="EMPLEADO_DIR_EJEC_ID" id="4AACB708-94A1-AF06-10C6-4C7982B41267">
<sourceConnName>CDO_OKR@local</sourceConnName>
<sourceObjSchema>OKR_EMPLEADO_DIR_EJEC_XREF</sourceObjSchema>
<sourceObjName>EMPLEADO_DIR_EJEC_ID</sourceObjName>
<createdBy>lcast</createdBy>
<createdTime>2022-06-20 16:20:27 UTC</createdTime>
<ownerDesignName>ModeloER</ownerDesignName>
<useDomainConstraints>false</useDomainConstraints>
<use>1</use>
<logicalDatatype>LOGDT019</logicalDatatype>
<dataTypePrecision>19</dataTypePrecision>
<dataTypeScale>0</dataTypeScale>
<ownDataTypeParameters>,19,0</ownDataTypeParameters>
<autoIncrementColumn>true</autoIncrementColumn>
<autoIncrementCycle>false</autoIncrementCycle>
<autoIncrementSequenceName>SQ_OKR_EMPLEADO_DIR_EJEC_XREF</autoIncrementSequenceName>
<autoIncrementTriggerName>TR_OKR_EMPLEADO_DIR_EJEC_XREF</autoIncrementTriggerName>
</Column>
<Column name="EMPLEADO_ID" id="AC01BD95-60DA-E721-73C0-D61FFF83E655">
<sourceConnName>CDO_OKR@local</sourceConnName>
<sourceObjSchema>OKR_EMPLEADO_DIR_EJEC_XREF</sourceObjSchema>
<sourceObjName>EMPLEADO_ID</sourceObjName>
<createdBy>lcast</createdBy>
<createdTime>2022-06-20 16:20:27 UTC</createdTime>
<ownerDesignName>ModeloER</ownerDesignName>
<useDomainConstraints>false</useDomainConstraints>
<use>1</use>
<logicalDatatype>LOGDT019</logicalDatatype>
<dataTypePrecision>19</dataTypePrecision>
<dataTypeScale>0</dataTypeScale>
<ownDataTypeParameters>,19,0</ownDataTypeParameters>
<autoIncrementCycle>false</autoIncrementCycle>
<associations>
<colAssociation fkAssociation="A16C92E7-81D0-CAD7-66BE-0A9EA9A731F3" referredColumn="EF23A7B5-EF54-AA66-46A0-6687E5C69EC5"/>
</associations>
</Column>
<Column name="DIRECCION_EJECUTIVA_ID" id="832D5093-F7C2-7FA4-70B2-0F0D419C0365">
<sourceConnName>CDO_OKR@local</sourceConnName>
<sourceObjSchema>OKR_EMPLEADO_DIR_EJEC_XREF</sourceObjSchema>
<sourceObjName>DIRECCION_EJECUTIVA_ID</sourceObjName>
<createdBy>lcast</createdBy>
<createdTime>2022-06-20 16:20:27 UTC</createdTime>
<ownerDesignName>ModeloER</ownerDesignName>
<useDomainConstraints>false</useDomainConstraints>
<use>1</use>
<logicalDatatype>LOGDT019</logicalDatatype>
<dataTypePrecision>10</dataTypePrecision>
<dataTypeScale>0</dataTypeScale>
<ownDataTypeParameters>,10,0</ownDataTypeParameters>
<autoIncrementCycle>false</autoIncrementCycle>
<associations>
<colAssociation fkAssociation="F7D035A4-9630-847B-1076-6C707E781FAE" referredColumn="6A8FE859-CD8E-712C-15AC-6DE92435A64D"/>
</associations>
</Column>
<Column name="FECHA_ALTA" id="137D1B1C-9101-77EE-FC43-3F41F26AFEE3">
<sourceConnName>CDO_OKR@local</sourceConnName>
<sourceObjSchema>OKR_EMPLEADO_DIR_EJEC_XREF</sourceObjSchema>
<sourceObjName>FECHA_ALTA</sourceObjName>
<createdBy>lcast</createdBy>
<createdTime>2022-06-20 16:20:27 UTC</createdTime>
<ownerDesignName>ModeloER</ownerDesignName>
<useDomainConstraints>false</useDomainConstraints>
<use>1</use>
<logicalDatatype>LOGDT015</logicalDatatype>
<dataTypePrecision>7</dataTypePrecision>
<ownDataTypeParameters>,7,</ownDataTypeParameters>
<autoIncrementCycle>false</autoIncrementCycle>
</Column>
<Column name="FECHA_BAJA" id="66425274-AB0B-C365-4B3A-BF48504A4618">
<sourceConnName>CDO_OKR@local</sourceConnName>
<sourceObjSchema>OKR_EMPLEADO_DIR_EJEC_XREF</sourceObjSchema>
<sourceObjName>FECHA_BAJA</sourceObjName>
<createdBy>lcast</createdBy>
<createdTime>2022-06-20 16:20:27 UTC</createdTime>
<ownerDesignName>ModeloER</ownerDesignName>
<nullsAllowed>true</nullsAllowed>
<useDomainConstraints>false</useDomainConstraints>
<use>1</use>
<logicalDatatype>LOGDT015</logicalDatatype>
<dataTypePrecision>7</dataTypePrecision>
<ownDataTypeParameters>,7,</ownDataTypeParameters>
<autoIncrementCycle>false</autoIncrementCycle>
</Column>
<Column name="LAST_UPDATE" id="3325A3F8-96EB-688D-8413-AF67F2FF40A4">
<sourceConnName>CDO_OKR@local</sourceConnName>
<sourceObjSchema>OKR_EMPLEADO_DIR_EJEC_XREF</sourceObjSchema>
<sourceObjName>LAST_UPDATE</sourceObjName>
<createdBy>lcast</createdBy>
<createdTime>2022-06-20 16:20:27 UTC</createdTime>
<ownerDesignName>ModeloER</ownerDesignName>
<useDomainConstraints>false</useDomainConstraints>
<use>1</use>
<logicalDatatype>LOGDT015</logicalDatatype>
<dataTypePrecision>7</dataTypePrecision>
<defaultValue>(sysdate)</defaultValue>
<ownDataTypeParameters>,7,</ownDataTypeParameters>
<autoIncrementCycle>false</autoIncrementCycle>
</Column>
<Column name="ACTIVE_FLAG" id="21D047E8-5040-0723-F565-D03622FC4A65">
<sourceConnName>CDO_OKR@local</sourceConnName>
<sourceObjSchema>OKR_EMPLEADO_DIR_EJEC_XREF</sourceObjSchema>
<sourceObjName>ACTIVE_FLAG</sourceObjName>
<createdBy>lcast</createdBy>
<createdTime>2022-06-20 16:20:27 UTC</createdTime>
<ownerDesignName>ModeloER</ownerDesignName>
<useDomainConstraints>false</useDomainConstraints>
<use>1</use>
<logicalDatatype>LOGDT019</logicalDatatype>
<dataTypePrecision>1</dataTypePrecision>
<dataTypeScale>0</dataTypeScale>
<defaultValue>1</defaultValue>
<ownDataTypeParameters>,1,0</ownDataTypeParameters>
<autoIncrementCycle>false</autoIncrementCycle>
</Column>
</columns>
<indexes itemClass="oracle.dbtools.crest.model.design.relational.Index">
<ind_PK_UK id="39B4271D-10DE-093A-30CF-F07A1D90387D" name="PK_OKR_EMPLEADO_DIR_EJEC_XREF">
<sourceConnName>CDO_OKR@local</sourceConnName>
<sourceObjSchema>CDO_OKR</sourceObjSchema>
<sourceObjName>PK_OKR_EMPLEADO_DIR_EJEC_XREF</sourceObjName>
<createdBy>lcast</createdBy>
<createdTime>2022-06-20 16:20:27 UTC</createdTime>
<ownerDesignName>ModeloER</ownerDesignName>
<pk>true</pk>
<indexState>Primary Constraint</indexState>
<isSurrogateKey>false</isSurrogateKey>
<indexColumnUsage>
<colUsage columnID="4AACB708-94A1-AF06-10C6-4C7982B41267"/>
</indexColumnUsage>
</ind_PK_UK>
<ind_PK_UK id="84D2916B-EB60-0E86-C8AD-83364385FF40" schemaObject="8AC118B7-BFBB-B66A-79F5-754C941CC663" name="IX_OKR_EMPLEADO_DIR_EJEC_XREF_DIRECCION_EJECUTIVA_ID">
<sourceConnName>CDO_OKR@local</sourceConnName>
<sourceObjSchema>CDO_OKR</sourceObjSchema>
<sourceObjName>IX_OKR_EMPLEADO_DIR_EJEC_XREF_DIRECCION_EJECUTIVA_ID</sourceObjName>
<createdBy>lcast</createdBy>
<createdTime>2022-06-20 16:20:27 UTC</createdTime>
<ownerDesignName>ModeloER</ownerDesignName>
<isSurrogateKey>false</isSurrogateKey>
<indexColumnUsage>
<colUsage columnID="832D5093-F7C2-7FA4-70B2-0F0D419C0365"/>
</indexColumnUsage>
</ind_PK_UK>
<ind_PK_UK id="F1C38786-E2FB-8924-C72B-B1E96CBE3D10" schemaObject="8AC118B7-BFBB-B66A-79F5-754C941CC663" name="IX_OKR_EMPLEADO_DIR_EJEC_XREF_EMPLEADO_ID">
<sourceConnName>CDO_OKR@local</sourceConnName>
<sourceObjSchema>CDO_OKR</sourceObjSchema>
<sourceObjName>IX_OKR_EMPLEADO_DIR_EJEC_XREF_EMPLEADO_ID</sourceObjName>
<createdBy>lcast</createdBy>
<createdTime>2022-06-20 16:20:27 UTC</createdTime>
<ownerDesignName>ModeloER</ownerDesignName>
<isSurrogateKey>false</isSurrogateKey>
<indexColumnUsage>
<colUsage columnID="AC01BD95-60DA-E721-73C0-D61FFF83E655"/>
</indexColumnUsage>
</ind_PK_UK>
<ind_PK_UK id="75D80AD5-7F4E-284C-6797-E4048B77BA4F" schemaObject="8AC118B7-BFBB-B66A-79F5-754C941CC663" name="PK_OKR_EMPLEADO_DIR_EJEC_XREF">
<sourceConnName>CDO_OKR@local</sourceConnName>
<sourceObjSchema>CDO_OKR</sourceObjSchema>
<sourceObjName>PK_OKR_EMPLEADO_DIR_EJEC_XREF</sourceObjName>
<createdBy>lcast</createdBy>
<createdTime>2022-06-20 16:20:27 UTC</createdTime>
<ownerDesignName>ModeloER</ownerDesignName>
<indexState>Unique Plain Index</indexState>
<isSurrogateKey>false</isSurrogateKey>
<indexColumnUsage>
<colUsage columnID="4AACB708-94A1-AF06-10C6-4C7982B41267"/>
</indexColumnUsage>
</ind_PK_UK>
<ind_PK_UK id="766E6BAD-6545-916D-7AA5-DFD8A51E1F35" name="FK_OKR_CAT_DIRECCIONES_EJECUTIVAS_EMPLEADO_DIR_EJEC_XREF">
<createdBy>lcast</createdBy>
<createdTime>2022-06-20 16:20:28 UTC</createdTime>
<ownerDesignName>ModeloER</ownerDesignName>
<indexState>Foreign Key</indexState>
<isSurrogateKey>false</isSurrogateKey>
<indexColumnUsage>
<colUsage columnID="832D5093-F7C2-7FA4-70B2-0F0D419C0365"/>
</indexColumnUsage>
</ind_PK_UK>
<ind_PK_UK id="1C05E0C0-60BB-6A7E-2186-C563DA30BFFE" name="FK_OKR_EMPLEADOS_EMPLEADO_DIR_EJEC_XREF">
<createdBy>lcast</createdBy>
<createdTime>2022-06-20 16:20:28 UTC</createdTime>
<ownerDesignName>ModeloER</ownerDesignName>
<indexState>Foreign Key</indexState>
<isSurrogateKey>false</isSurrogateKey>
<indexColumnUsage>
<colUsage columnID="AC01BD95-60DA-E721-73C0-D61FFF83E655"/>
</indexColumnUsage>
</ind_PK_UK>
</indexes>
</Table>