<?xml version = '1.0' encoding = 'UTF-8'?>
<Table class="oracle.dbtools.crest.model.design.relational.Table" directorySegmentName="seg_0" id="B95D6159-BAE0-FB0C-2B6D-AE4CFBB1F86C" schemaObject="8AC118B7-BFBB-B66A-79F5-754C941CC663" name="OKR_EMPLEADOS">
<sourceConnName>CDO_OKR@local</sourceConnName>
<sourceObjSchema>CDO_OKR</sourceObjSchema>
<sourceObjName>OKR_EMPLEADOS</sourceObjName>
<createdBy>lcast</createdBy>
<createdTime>2022-06-20 16:20:26 UTC</createdTime>
<ownerDesignName>ModeloER</ownerDesignName>
<allowColumnReorder>false</allowColumnReorder>
<existDependencyGenerateInDDl>true</existDependencyGenerateInDDl>
<parsed>true</parsed>
<columns itemClass="oracle.dbtools.crest.model.design.relational.Column">
<Column name="EMPLEADO_ID" id="EF23A7B5-EF54-AA66-46A0-6687E5C69EC5">
<sourceConnName>CDO_OKR@local</sourceConnName>
<sourceObjSchema>OKR_EMPLEADOS</sourceObjSchema>
<sourceObjName>EMPLEADO_ID</sourceObjName>
<createdBy>lcast</createdBy>
<createdTime>2022-06-20 16:20:27 UTC</createdTime>
<ownerDesignName>ModeloER</ownerDesignName>
<useDomainConstraints>false</useDomainConstraints>
<use>1</use>
<logicalDatatype>LOGDT019</logicalDatatype>
<dataTypePrecision>19</dataTypePrecision>
<dataTypeScale>0</dataTypeScale>
<ownDataTypeParameters>,19,0</ownDataTypeParameters>
<autoIncrementColumn>true</autoIncrementColumn>
<autoIncrementCycle>false</autoIncrementCycle>
<autoIncrementSequenceName>SQ_OKR_EMPLEADOS</autoIncrementSequenceName>
<autoIncrementTriggerName>TR_OKR_EMPLEADOS</autoIncrementTriggerName>
</Column>
<Column name="NUM_EMPLEADO" id="94BB01DB-96DB-4C09-1C9D-9C8B76C41738">
<sourceConnName>CDO_OKR@local</sourceConnName>
<sourceObjSchema>OKR_EMPLEADOS</sourceObjSchema>
<sourceObjName>NUM_EMPLEADO</sourceObjName>
<createdBy>lcast</createdBy>
<createdTime>2022-06-20 16:20:27 UTC</createdTime>
<ownerDesignName>ModeloER</ownerDesignName>
<useDomainConstraints>false</useDomainConstraints>
<use>1</use>
<logicalDatatype>LOGDT019</logicalDatatype>
<dataTypePrecision>19</dataTypePrecision>
<dataTypeScale>0</dataTypeScale>
<ownDataTypeParameters>,19,0</ownDataTypeParameters>
<autoIncrementCycle>false</autoIncrementCycle>
</Column>
<Column name="NOMBRE" id="78EC6EE8-AA68-A9CB-FCDD-292B97F6888E">
<sourceConnName>CDO_OKR@local</sourceConnName>
<sourceObjSchema>OKR_EMPLEADOS</sourceObjSchema>
<sourceObjName>NOMBRE</sourceObjName>
<createdBy>lcast</createdBy>
<createdTime>2022-06-20 16:20:27 UTC</createdTime>
<ownerDesignName>ModeloER</ownerDesignName>
<useDomainConstraints>false</useDomainConstraints>
<use>1</use>
<logicalDatatype>LOGDT037</logicalDatatype>
<dataTypeSize>255</dataTypeSize>
<ownDataTypeParameters>255,,</ownDataTypeParameters>
<autoIncrementCycle>false</autoIncrementCycle>
</Column>
<Column name="EMAIL" id="D5D84F63-199B-ACD5-8BB5-D46F22B28AF9">
<sourceConnName>CDO_OKR@local</sourceConnName>
<sourceObjSchema>OKR_EMPLEADOS</sourceObjSchema>
<sourceObjName>EMAIL</sourceObjName>
<createdBy>lcast</createdBy>
<createdTime>2022-06-20 16:20:27 UTC</createdTime>
<ownerDesignName>ModeloER</ownerDesignName>
<useDomainConstraints>false</useDomainConstraints>
<use>1</use>
<logicalDatatype>LOGDT037</logicalDatatype>
<dataTypeSize>255</dataTypeSize>
<ownDataTypeParameters>255,,</ownDataTypeParameters>
<autoIncrementCycle>false</autoIncrementCycle>
</Column>
<Column name="LAST_UPDATE" id="BF1247F7-B396-501D-C28A-EA654712EB2D">
<sourceConnName>CDO_OKR@local</sourceConnName>
<sourceObjSchema>OKR_EMPLEADOS</sourceObjSchema>
<sourceObjName>LAST_UPDATE</sourceObjName>
<createdBy>lcast</createdBy>
<createdTime>2022-06-20 16:20:27 UTC</createdTime>
<ownerDesignName>ModeloER</ownerDesignName>
<useDomainConstraints>false</useDomainConstraints>
<use>1</use>
<logicalDatatype>LOGDT015</logicalDatatype>
<dataTypePrecision>7</dataTypePrecision>
<defaultValue>(sysdate)</defaultValue>
<ownDataTypeParameters>,7,</ownDataTypeParameters>
<autoIncrementCycle>false</autoIncrementCycle>
</Column>
<Column name="ACTIVE_FLAG" id="CB326A17-40EF-9B59-7C50-411432A4AFAC">
<sourceConnName>CDO_OKR@local</sourceConnName>
<sourceObjSchema>OKR_EMPLEADOS</sourceObjSchema>
<sourceObjName>ACTIVE_FLAG</sourceObjName>
<createdBy>lcast</createdBy>
<createdTime>2022-06-20 16:20:27 UTC</createdTime>
<ownerDesignName>ModeloER</ownerDesignName>
<useDomainConstraints>false</useDomainConstraints>
<use>1</use>
<logicalDatatype>LOGDT019</logicalDatatype>
<dataTypePrecision>1</dataTypePrecision>
<dataTypeScale>0</dataTypeScale>
<defaultValue>1</defaultValue>
<ownDataTypeParameters>,1,0</ownDataTypeParameters>
<autoIncrementCycle>false</autoIncrementCycle>
</Column>
<Column name="AVATAR" id="A7F95E7F-FB35-7FE5-73BB-140B064E63F7">
<sourceConnName>CDO_OKR@local</sourceConnName>
<sourceObjSchema>OKR_EMPLEADOS</sourceObjSchema>
<sourceObjName>AVATAR</sourceObjName>
<createdBy>lcast</createdBy>
<createdTime>2022-06-20 16:20:27 UTC</createdTime>
<ownerDesignName>ModeloER</ownerDesignName>
<nullsAllowed>true</nullsAllowed>
<useDomainConstraints>false</useDomainConstraints>
<use>1</use>
<logicalDatatype>LOGDT037</logicalDatatype>
<dataTypeSize>255</dataTypeSize>
<ownDataTypeParameters>255,,</ownDataTypeParameters>
<autoIncrementCycle>false</autoIncrementCycle>
</Column>
<Column name="CONTRASENIA" id="2D64E262-EDFC-AAE9-9180-9E2BD80355F9">
<sourceConnName>CDO_OKR@local</sourceConnName>
<sourceObjSchema>OKR_EMPLEADOS</sourceObjSchema>
<sourceObjName>CONTRASENIA</sourceObjName>
<createdBy>lcast</createdBy>
<createdTime>2022-06-20 16:20:27 UTC</createdTime>
<ownerDesignName>ModeloER</ownerDesignName>
<nullsAllowed>true</nullsAllowed>
<useDomainConstraints>false</useDomainConstraints>
<use>1</use>
<logicalDatatype>LOGDT037</logicalDatatype>
<dataTypeSize>255</dataTypeSize>
<ownDataTypeParameters>255,,</ownDataTypeParameters>
<autoIncrementCycle>false</autoIncrementCycle>
</Column>
<Column name="USUARIO" id="86403F42-E815-164F-AD4B-4CB3880152F8">
<sourceConnName>CDO_OKR@local</sourceConnName>
<sourceObjSchema>OKR_EMPLEADOS</sourceObjSchema>
<sourceObjName>USUARIO</sourceObjName>
<createdBy>lcast</createdBy>
<createdTime>2022-06-20 16:20:27 UTC</createdTime>
<ownerDesignName>ModeloER</ownerDesignName>
<nullsAllowed>true</nullsAllowed>
<useDomainConstraints>false</useDomainConstraints>
<use>1</use>
<logicalDatatype>LOGDT037</logicalDatatype>
<dataTypeSize>16</dataTypeSize>
<ownDataTypeParameters>16,,</ownDataTypeParameters>
<autoIncrementCycle>false</autoIncrementCycle>
</Column>
<Column name="PERTENECE_PROMOCION_ASESORIA" id="53E9A981-BD1A-04C0-151E-3EA3591B6E58">
<sourceConnName>CDO_OKR@local</sourceConnName>
<sourceObjSchema>OKR_EMPLEADOS</sourceObjSchema>
<sourceObjName>PERTENECE_PROMOCION_ASESORIA</sourceObjName>
<createdBy>lcast</createdBy>
<createdTime>2022-06-20 16:20:27 UTC</createdTime>
<ownerDesignName>ModeloER</ownerDesignName>
<useDomainConstraints>false</useDomainConstraints>
<use>1</use>
<logicalDatatype>LOGDT019</logicalDatatype>
<dataTypePrecision>1</dataTypePrecision>
<dataTypeScale>0</dataTypeScale>
<defaultValue>0</defaultValue>
<ownDataTypeParameters>,1,0</ownDataTypeParameters>
<autoIncrementCycle>false</autoIncrementCycle>
</Column>
</columns>
<indexes itemClass="oracle.dbtools.crest.model.design.relational.Index">
<ind_PK_UK id="1E0F057C-5B08-B7BF-0F20-C7CC040A8A2F" name="PK_OKR_EMPLEADOS">
<sourceConnName>CDO_OKR@local</sourceConnName>
<sourceObjSchema>CDO_OKR</sourceObjSchema>
<sourceObjName>PK_OKR_EMPLEADOS</sourceObjName>
<createdBy>lcast</createdBy>
<createdTime>2022-06-20 16:20:27 UTC</createdTime>
<ownerDesignName>ModeloER</ownerDesignName>
<pk>true</pk>
<indexState>Primary Constraint</indexState>
<isSurrogateKey>false</isSurrogateKey>
<indexColumnUsage>
<colUsage columnID="EF23A7B5-EF54-AA66-46A0-6687E5C69EC5"/>
</indexColumnUsage>
</ind_PK_UK>
<ind_PK_UK id="1CC821C2-3EE5-BA7C-5555-A041E743EAE1" schemaObject="8AC118B7-BFBB-B66A-79F5-754C941CC663" name="PK_OKR_EMPLEADOS">
<sourceConnName>CDO_OKR@local</sourceConnName>
<sourceObjSchema>CDO_OKR</sourceObjSchema>
<sourceObjName>PK_OKR_EMPLEADOS</sourceObjName>
<createdBy>lcast</createdBy>
<createdTime>2022-06-20 16:20:27 UTC</createdTime>
<ownerDesignName>ModeloER</ownerDesignName>
<indexState>Unique Plain Index</indexState>
<isSurrogateKey>false</isSurrogateKey>
<indexColumnUsage>
<colUsage columnID="EF23A7B5-EF54-AA66-46A0-6687E5C69EC5"/>
</indexColumnUsage>
</ind_PK_UK>
</indexes>
</Table>