<?xml version = '1.0' encoding = 'UTF-8'?>
<Table class="oracle.dbtools.crest.model.design.relational.Table" directorySegmentName="seg_0" id="BC24A00B-12A0-A555-8F8F-D41CD2E93530" schemaObject="8AC118B7-BFBB-B66A-79F5-754C941CC663" name="TF_DIRECCIONES_DIAS_HO_XREF">
<sourceConnName>CDO_OKR@local</sourceConnName>
<sourceObjSchema>CDO_OKR</sourceObjSchema>
<sourceObjName>TF_DIRECCIONES_DIAS_HO_XREF</sourceObjName>
<createdBy>lcast</createdBy>
<createdTime>2022-06-20 21:49:39 UTC</createdTime>
<ownerDesignName>ModeloER</ownerDesignName>
<importedID>370705C6-A99B-A543-E72C-485E8E9BB7AA</importedID>
<allowColumnReorder>false</allowColumnReorder>
<existDependencyGenerateInDDl>true</existDependencyGenerateInDDl>
<parsed>true</parsed>
<columns itemClass="oracle.dbtools.crest.model.design.relational.Column">
<Column name="DIRECCION_DIA_HO_ID" id="9FFFB50D-66AD-7222-DFCC-03C5390BAFEE">
<sourceConnName>CDO_OKR@local</sourceConnName>
<sourceObjSchema>TF_DIRECCIONES_DIAS_HO_XREF</sourceObjSchema>
<sourceObjName>DIRECCION_DIA_HO_ID</sourceObjName>
<createdBy>lcast</createdBy>
<createdTime>2022-06-20 21:49:39 UTC</createdTime>
<ownerDesignName>ModeloER</ownerDesignName>
<importedID>55AB154E-278C-FFD7-F0F6-6F5F7CB818EB</importedID>
<useDomainConstraints>false</useDomainConstraints>
<use>1</use>
<logicalDatatype>LOGDT019</logicalDatatype>
<dataTypePrecision>19</dataTypePrecision>
<dataTypeScale>0</dataTypeScale>
<ownDataTypeParameters>,19,0</ownDataTypeParameters>
<autoIncrementColumn>true</autoIncrementColumn>
<autoIncrementCycle>false</autoIncrementCycle>
<autoIncrementSequenceName>SQ_TF_DIRECCIONES_DIAS_HO_XREF</autoIncrementSequenceName>
<autoIncrementTriggerName>TR_TF_DIRECCIONES_DIAS_HO_XREF</autoIncrementTriggerName>
</Column>
<Column name="DIRECCION_EJECUTIVA_ID" id="BB3F9BF0-1A02-BD8E-7764-18038A31DC17">
<sourceConnName>CDO_OKR@local</sourceConnName>
<sourceObjSchema>TF_DIRECCIONES_DIAS_HO_XREF</sourceObjSchema>
<sourceObjName>DIRECCION_EJECUTIVA_ID</sourceObjName>
<createdBy>lcast</createdBy>
<createdTime>2022-06-20 21:49:39 UTC</createdTime>
<ownerDesignName>ModeloER</ownerDesignName>
<importedID>06705EA6-C413-2635-0BF4-A8D83AA3E773</importedID>
<useDomainConstraints>false</useDomainConstraints>
<use>1</use>
<logicalDatatype>LOGDT019</logicalDatatype>
<dataTypePrecision>10</dataTypePrecision>
<dataTypeScale>0</dataTypeScale>
<ownDataTypeParameters>,10,0</ownDataTypeParameters>
<autoIncrementCycle>false</autoIncrementCycle>
<associations>
<colAssociation fkAssociation="26C20A80-0DC2-33C8-F8EB-2C0B7B543594" referredColumn="6A8FE859-CD8E-712C-15AC-6DE92435A64D"/>
</associations>
</Column>
<Column name="DIA_HOME_OFFICE_ID" id="9DDFBB66-180B-DD31-54C0-48848AF217E3">
<sourceConnName>CDO_OKR@local</sourceConnName>
<sourceObjSchema>TF_DIRECCIONES_DIAS_HO_XREF</sourceObjSchema>
<sourceObjName>DIA_HOME_OFFICE_ID</sourceObjName>
<createdBy>lcast</createdBy>
<createdTime>2022-06-20 21:49:39 UTC</createdTime>
<ownerDesignName>ModeloER</ownerDesignName>
<importedID>C3E505BC-8F17-F6A1-B6A1-2FB505D567A4</importedID>
<useDomainConstraints>false</useDomainConstraints>
<use>1</use>
<logicalDatatype>LOGDT019</logicalDatatype>
<dataTypePrecision>19</dataTypePrecision>
<dataTypeScale>0</dataTypeScale>
<ownDataTypeParameters>,19,0</ownDataTypeParameters>
<autoIncrementCycle>false</autoIncrementCycle>
<associations>
<colAssociation fkAssociation="1C36A5AB-F9E3-1874-92C8-1D84BBCC0B15" referredColumn="3AA35548-E332-9EDD-16AC-0255D26BA5EB"/>
</associations>
</Column>
<Column name="ACTIVE_FLAG" id="D89421E9-10EA-C678-61FA-9C2E2722C162">
<sourceConnName>CDO_OKR@local</sourceConnName>
<sourceObjSchema>TF_DIRECCIONES_DIAS_HO_XREF</sourceObjSchema>
<sourceObjName>ACTIVE_FLAG</sourceObjName>
<createdBy>lcast</createdBy>
<createdTime>2022-06-20 21:49:39 UTC</createdTime>
<ownerDesignName>ModeloER</ownerDesignName>
<importedID>BBD8603A-F7EA-2D47-02F7-008DB4449B41</importedID>
<useDomainConstraints>false</useDomainConstraints>
<use>1</use>
<logicalDatatype>LOGDT019</logicalDatatype>
<dataTypePrecision>1</dataTypePrecision>
<dataTypeScale>0</dataTypeScale>
<defaultValue>1</defaultValue>
<ownDataTypeParameters>,1,0</ownDataTypeParameters>
<autoIncrementCycle>false</autoIncrementCycle>
</Column>
<Column name="LAST_UPDATE" id="635378C4-9F54-7937-2316-30837A632207">
<sourceConnName>CDO_OKR@local</sourceConnName>
<sourceObjSchema>TF_DIRECCIONES_DIAS_HO_XREF</sourceObjSchema>
<sourceObjName>LAST_UPDATE</sourceObjName>
<createdBy>lcast</createdBy>
<createdTime>2022-06-20 21:49:39 UTC</createdTime>
<ownerDesignName>ModeloER</ownerDesignName>
<importedID>5FA7D17B-0B73-DD31-77DD-24E9F572DFAD</importedID>
<useDomainConstraints>false</useDomainConstraints>
<use>1</use>
<logicalDatatype>LOGDT015</logicalDatatype>
<dataTypePrecision>7</dataTypePrecision>
<defaultValue>(sysdate)</defaultValue>
<ownDataTypeParameters>,7,</ownDataTypeParameters>
<autoIncrementCycle>false</autoIncrementCycle>
</Column>
</columns>
<indexes itemClass="oracle.dbtools.crest.model.design.relational.Index">
<ind_PK_UK id="74CB81FD-4C13-2EF7-9B44-DB08B3516216" name="PK_DIRECCION_DIA_HO">
<sourceConnName>CDO_OKR@local</sourceConnName>
<sourceObjSchema>CDO_OKR</sourceObjSchema>
<sourceObjName>PK_DIRECCION_DIA_HO</sourceObjName>
<createdBy>lcast</createdBy>
<createdTime>2022-06-20 21:49:39 UTC</createdTime>
<ownerDesignName>ModeloER</ownerDesignName>
<importedID>E651AA65-BF04-35F4-E08F-98AA21D72572</importedID>
<pk>true</pk>
<indexState>Primary Constraint</indexState>
<isSurrogateKey>false</isSurrogateKey>
<indexColumnUsage>
<colUsage columnID="9FFFB50D-66AD-7222-DFCC-03C5390BAFEE"/>
</indexColumnUsage>
</ind_PK_UK>
<ind_PK_UK id="B4C3AC47-C0BE-1BF5-0D3D-63BD8D2C741F" schemaObject="8AC118B7-BFBB-B66A-79F5-754C941CC663" name="IX_TF_DIRECCIONES_DIAS_HO_XREF_DIA_HOME_OFFICE_ID">
<sourceConnName>CDO_OKR@local</sourceConnName>
<sourceObjSchema>CDO_OKR</sourceObjSchema>
<sourceObjName>IX_TF_DIRECCIONES_DIAS_HO_XREF_DIA_HOME_OFFICE_ID</sourceObjName>
<createdBy>lcast</createdBy>
<createdTime>2022-06-20 21:49:39 UTC</createdTime>
<ownerDesignName>ModeloER</ownerDesignName>
<importedID>36997D3C-CB4D-C543-E877-232F0EDFF9EB</importedID>
<isSurrogateKey>false</isSurrogateKey>
<indexColumnUsage>
<colUsage columnID="9DDFBB66-180B-DD31-54C0-48848AF217E3"/>
</indexColumnUsage>
</ind_PK_UK>
<ind_PK_UK id="419790FA-0FD2-9B38-705E-4A0E76DC8429" schemaObject="8AC118B7-BFBB-B66A-79F5-754C941CC663" name="IX_TF_DIRECCIONES_DIAS_HO_XREF_DIRECCION_EJECUTIVA_ID">
<sourceConnName>CDO_OKR@local</sourceConnName>
<sourceObjSchema>CDO_OKR</sourceObjSchema>
<sourceObjName>IX_TF_DIRECCIONES_DIAS_HO_XREF_DIRECCION_EJECUTIVA_ID</sourceObjName>
<createdBy>lcast</createdBy>
<createdTime>2022-06-20 21:49:39 UTC</createdTime>
<ownerDesignName>ModeloER</ownerDesignName>
<importedID>9A7432DB-5CDD-8280-88B6-13DE62937C37</importedID>
<isSurrogateKey>false</isSurrogateKey>
<indexColumnUsage>
<colUsage columnID="BB3F9BF0-1A02-BD8E-7764-18038A31DC17"/>
</indexColumnUsage>
</ind_PK_UK>
<ind_PK_UK id="9B5AF0FB-0696-5A7F-D86E-2C4295751E34" schemaObject="8AC118B7-BFBB-B66A-79F5-754C941CC663" name="PK_DIRECCION_DIA_HO">
<sourceConnName>CDO_OKR@local</sourceConnName>
<sourceObjSchema>CDO_OKR</sourceObjSchema>
<sourceObjName>PK_DIRECCION_DIA_HO</sourceObjName>
<createdBy>lcast</createdBy>
<createdTime>2022-06-20 21:49:39 UTC</createdTime>
<ownerDesignName>ModeloER</ownerDesignName>
<importedID>88274B45-B942-D140-FF0F-CC41180CFB88</importedID>
<indexState>Unique Plain Index</indexState>
<isSurrogateKey>false</isSurrogateKey>
<indexColumnUsage>
<colUsage columnID="9FFFB50D-66AD-7222-DFCC-03C5390BAFEE"/>
</indexColumnUsage>
</ind_PK_UK>
<ind_PK_UK id="B0455093-088A-3A45-92D8-A93F2804E2C5" name="FK_OKR_CAT_DIR_EJEC_DIAS_HO_XREF">
<createdBy>lcast</createdBy>
<createdTime>2022-06-20 21:49:39 UTC</createdTime>
<ownerDesignName>ModeloER</ownerDesignName>
<indexState>Foreign Key</indexState>
<isSurrogateKey>false</isSurrogateKey>
<indexColumnUsage>
<colUsage columnID="BB3F9BF0-1A02-BD8E-7764-18038A31DC17"/>
</indexColumnUsage>
</ind_PK_UK>
<ind_PK_UK id="2EB215C8-D6B2-A9A1-CC4E-6A8BD966F184" name="FK_TF_DIA_HO TF_DE_DIAS_HO_XREF">
<createdBy>lcast</createdBy>
<createdTime>2022-06-20 21:49:39 UTC</createdTime>
<ownerDesignName>ModeloER</ownerDesignName>
<indexState>Foreign Key</indexState>
<isSurrogateKey>false</isSurrogateKey>
<indexColumnUsage>
<colUsage columnID="9DDFBB66-180B-DD31-54C0-48848AF217E3"/>
</indexColumnUsage>
</ind_PK_UK>
</indexes>
</Table>