<?xml version = '1.0' encoding = 'UTF-8'?>
<Table class="oracle.dbtools.crest.model.design.relational.Table" directorySegmentName="seg_0" id="C839EC9E-55C6-0D2A-739F-CEC718CA7A8A" schemaObject="8AC118B7-BFBB-B66A-79F5-754C941CC663" name="OKR_EMPLEADO_AREA_XREF">
<sourceConnName>CDO_OKR@local</sourceConnName>
<sourceObjSchema>CDO_OKR</sourceObjSchema>
<sourceObjName>OKR_EMPLEADO_AREA_XREF</sourceObjName>
<createdBy>lcast</createdBy>
<createdTime>2022-06-20 16:20:26 UTC</createdTime>
<ownerDesignName>ModeloER</ownerDesignName>
<allowColumnReorder>false</allowColumnReorder>
<existDependencyGenerateInDDl>true</existDependencyGenerateInDDl>
<parsed>true</parsed>
<columns itemClass="oracle.dbtools.crest.model.design.relational.Column">
<Column name="EMPLEADO_AREA_ID" id="4E980D92-AE99-1F55-C9CD-87027C87F8F7">
<sourceConnName>CDO_OKR@local</sourceConnName>
<sourceObjSchema>OKR_EMPLEADO_AREA_XREF</sourceObjSchema>
<sourceObjName>EMPLEADO_AREA_ID</sourceObjName>
<createdBy>lcast</createdBy>
<createdTime>2022-06-20 16:20:27 UTC</createdTime>
<ownerDesignName>ModeloER</ownerDesignName>
<useDomainConstraints>false</useDomainConstraints>
<use>1</use>
<logicalDatatype>LOGDT019</logicalDatatype>
<dataTypePrecision>19</dataTypePrecision>
<dataTypeScale>0</dataTypeScale>
<ownDataTypeParameters>,19,0</ownDataTypeParameters>
<autoIncrementColumn>true</autoIncrementColumn>
<autoIncrementCycle>false</autoIncrementCycle>
<autoIncrementSequenceName>SQ_OKR_EMPLEADO_AREA_XREF</autoIncrementSequenceName>
<autoIncrementTriggerName>TR_OKR_EMPLEADO_AREA_XREF</autoIncrementTriggerName>
</Column>
<Column name="EMPLEADO_ID" id="699CF5BA-74E9-C2F6-9F30-1BCAF7E82211">
<sourceConnName>CDO_OKR@local</sourceConnName>
<sourceObjSchema>OKR_EMPLEADO_AREA_XREF</sourceObjSchema>
<sourceObjName>EMPLEADO_ID</sourceObjName>
<createdBy>lcast</createdBy>
<createdTime>2022-06-20 16:20:27 UTC</createdTime>
<ownerDesignName>ModeloER</ownerDesignName>
<useDomainConstraints>false</useDomainConstraints>
<use>1</use>
<logicalDatatype>LOGDT019</logicalDatatype>
<dataTypePrecision>19</dataTypePrecision>
<dataTypeScale>0</dataTypeScale>
<ownDataTypeParameters>,19,0</ownDataTypeParameters>
<autoIncrementCycle>false</autoIncrementCycle>
<associations>
<colAssociation fkAssociation="F7220FA8-86FC-AF28-8744-B8C44616702A" referredColumn="EF23A7B5-EF54-AA66-46A0-6687E5C69EC5"/>
</associations>
</Column>
<Column name="AREA_ID" id="369A50B3-9B04-52F7-6729-EC5803664C1F">
<sourceConnName>CDO_OKR@local</sourceConnName>
<sourceObjSchema>OKR_EMPLEADO_AREA_XREF</sourceObjSchema>
<sourceObjName>AREA_ID</sourceObjName>
<createdBy>lcast</createdBy>
<createdTime>2022-06-20 16:20:27 UTC</createdTime>
<ownerDesignName>ModeloER</ownerDesignName>
<useDomainConstraints>false</useDomainConstraints>
<use>1</use>
<logicalDatatype>LOGDT019</logicalDatatype>
<dataTypePrecision>10</dataTypePrecision>
<dataTypeScale>0</dataTypeScale>
<ownDataTypeParameters>,10,0</ownDataTypeParameters>
<autoIncrementCycle>false</autoIncrementCycle>
</Column>
<Column name="FECHA_ALTA" id="E0CBB4ED-4066-E3F1-8DBE-48968F8E7D4F">
<sourceConnName>CDO_OKR@local</sourceConnName>
<sourceObjSchema>OKR_EMPLEADO_AREA_XREF</sourceObjSchema>
<sourceObjName>FECHA_ALTA</sourceObjName>
<createdBy>lcast</createdBy>
<createdTime>2022-06-20 16:20:27 UTC</createdTime>
<ownerDesignName>ModeloER</ownerDesignName>
<useDomainConstraints>false</useDomainConstraints>
<use>1</use>
<logicalDatatype>LOGDT015</logicalDatatype>
<dataTypePrecision>7</dataTypePrecision>
<ownDataTypeParameters>,7,</ownDataTypeParameters>
<autoIncrementCycle>false</autoIncrementCycle>
</Column>
<Column name="FECHA_BAJA" id="8006C530-0CA9-03EC-8FA7-73EAB13F64CA">
<sourceConnName>CDO_OKR@local</sourceConnName>
<sourceObjSchema>OKR_EMPLEADO_AREA_XREF</sourceObjSchema>
<sourceObjName>FECHA_BAJA</sourceObjName>
<createdBy>lcast</createdBy>
<createdTime>2022-06-20 16:20:27 UTC</createdTime>
<ownerDesignName>ModeloER</ownerDesignName>
<nullsAllowed>true</nullsAllowed>
<useDomainConstraints>false</useDomainConstraints>
<use>1</use>
<logicalDatatype>LOGDT015</logicalDatatype>
<dataTypePrecision>7</dataTypePrecision>
<ownDataTypeParameters>,7,</ownDataTypeParameters>
<autoIncrementCycle>false</autoIncrementCycle>
</Column>
<Column name="LAST_UPDATE" id="63228866-DD6D-357D-51CB-0DAFC0C41F13">
<sourceConnName>CDO_OKR@local</sourceConnName>
<sourceObjSchema>OKR_EMPLEADO_AREA_XREF</sourceObjSchema>
<sourceObjName>LAST_UPDATE</sourceObjName>
<createdBy>lcast</createdBy>
<createdTime>2022-06-20 16:20:27 UTC</createdTime>
<ownerDesignName>ModeloER</ownerDesignName>
<useDomainConstraints>false</useDomainConstraints>
<use>1</use>
<logicalDatatype>LOGDT015</logicalDatatype>
<dataTypePrecision>7</dataTypePrecision>
<defaultValue>(sysdate)</defaultValue>
<ownDataTypeParameters>,7,</ownDataTypeParameters>
<autoIncrementCycle>false</autoIncrementCycle>
</Column>
<Column name="ACTIVE_FLAG" id="79A0C179-E1C8-9A63-4B56-4399266BFEBA">
<sourceConnName>CDO_OKR@local</sourceConnName>
<sourceObjSchema>OKR_EMPLEADO_AREA_XREF</sourceObjSchema>
<sourceObjName>ACTIVE_FLAG</sourceObjName>
<createdBy>lcast</createdBy>
<createdTime>2022-06-20 16:20:27 UTC</createdTime>
<ownerDesignName>ModeloER</ownerDesignName>
<useDomainConstraints>false</useDomainConstraints>
<use>1</use>
<logicalDatatype>LOGDT019</logicalDatatype>
<dataTypePrecision>1</dataTypePrecision>
<dataTypeScale>0</dataTypeScale>
<defaultValue>1</defaultValue>
<ownDataTypeParameters>,1,0</ownDataTypeParameters>
<autoIncrementCycle>false</autoIncrementCycle>
</Column>
</columns>
<indexes itemClass="oracle.dbtools.crest.model.design.relational.Index">
<ind_PK_UK id="6175C229-EAE7-21F1-1499-EA09256AF6D0" name="PK_OKR_EMPLEADO_AREA_XREF">
<sourceConnName>CDO_OKR@local</sourceConnName>
<sourceObjSchema>CDO_OKR</sourceObjSchema>
<sourceObjName>PK_OKR_EMPLEADO_AREA_XREF</sourceObjName>
<createdBy>lcast</createdBy>
<createdTime>2022-06-20 16:20:27 UTC</createdTime>
<ownerDesignName>ModeloER</ownerDesignName>
<pk>true</pk>
<indexState>Primary Constraint</indexState>
<isSurrogateKey>false</isSurrogateKey>
<indexColumnUsage>
<colUsage columnID="4E980D92-AE99-1F55-C9CD-87027C87F8F7"/>
</indexColumnUsage>
</ind_PK_UK>
<ind_PK_UK id="1BA39671-E21A-316A-ACB0-C4D85EB3CE35" schemaObject="8AC118B7-BFBB-B66A-79F5-754C941CC663" name="IX_OKR_EMPLEADO_AREA_XREF_AREA_ID">
<sourceConnName>CDO_OKR@local</sourceConnName>
<sourceObjSchema>CDO_OKR</sourceObjSchema>
<sourceObjName>IX_OKR_EMPLEADO_AREA_XREF_AREA_ID</sourceObjName>
<createdBy>lcast</createdBy>
<createdTime>2022-06-20 16:20:27 UTC</createdTime>
<ownerDesignName>ModeloER</ownerDesignName>
<isSurrogateKey>false</isSurrogateKey>
<indexColumnUsage>
<colUsage columnID="369A50B3-9B04-52F7-6729-EC5803664C1F"/>
</indexColumnUsage>
</ind_PK_UK>
<ind_PK_UK id="9DE664A8-F86F-9391-6F61-5F89D9E7624C" schemaObject="8AC118B7-BFBB-B66A-79F5-754C941CC663" name="IX_OKR_EMPLEADO_AREA_XREF_EMPLEADO_ID">
<sourceConnName>CDO_OKR@local</sourceConnName>
<sourceObjSchema>CDO_OKR</sourceObjSchema>
<sourceObjName>IX_OKR_EMPLEADO_AREA_XREF_EMPLEADO_ID</sourceObjName>
<createdBy>lcast</createdBy>
<createdTime>2022-06-20 16:20:27 UTC</createdTime>
<ownerDesignName>ModeloER</ownerDesignName>
<isSurrogateKey>false</isSurrogateKey>
<indexColumnUsage>
<colUsage columnID="699CF5BA-74E9-C2F6-9F30-1BCAF7E82211"/>
</indexColumnUsage>
</ind_PK_UK>
<ind_PK_UK id="2745BB14-B47D-BCD8-C5F7-E9C608B983AC" schemaObject="8AC118B7-BFBB-B66A-79F5-754C941CC663" name="PK_OKR_EMPLEADO_AREA_XREF">
<sourceConnName>CDO_OKR@local</sourceConnName>
<sourceObjSchema>CDO_OKR</sourceObjSchema>
<sourceObjName>PK_OKR_EMPLEADO_AREA_XREF</sourceObjName>
<createdBy>lcast</createdBy>
<createdTime>2022-06-20 16:20:27 UTC</createdTime>
<ownerDesignName>ModeloER</ownerDesignName>
<indexState>Unique Plain Index</indexState>
<isSurrogateKey>false</isSurrogateKey>
<indexColumnUsage>
<colUsage columnID="4E980D92-AE99-1F55-C9CD-87027C87F8F7"/>
</indexColumnUsage>
</ind_PK_UK>
<ind_PK_UK id="6915944F-B1BE-AD89-2CA8-7399F05731F1" name="FK_OKR_CAT_AREAS_EMPLEADO_AREA_XREF">
<createdBy>lcast</createdBy>
<createdTime>2022-06-20 16:20:28 UTC</createdTime>
<ownerDesignName>ModeloER</ownerDesignName>
<indexState>Foreign Key</indexState>
<isSurrogateKey>false</isSurrogateKey>
<indexColumnUsage>
<colUsage columnID="369A50B3-9B04-52F7-6729-EC5803664C1F"/>
</indexColumnUsage>
</ind_PK_UK>
<ind_PK_UK id="1155BAEB-E4F6-F6A7-E4CC-FF337ED572AC" name="FK_OKR_EMPLEADOS_EMPLEADO_AREA_XREF">
<createdBy>lcast</createdBy>
<createdTime>2022-06-20 16:20:28 UTC</createdTime>
<ownerDesignName>ModeloER</ownerDesignName>
<indexState>Foreign Key</indexState>
<isSurrogateKey>false</isSurrogateKey>
<indexColumnUsage>
<colUsage columnID="699CF5BA-74E9-C2F6-9F30-1BCAF7E82211"/>
</indexColumnUsage>
</ind_PK_UK>
</indexes>
</Table>