<?xml version = '1.0' encoding = 'UTF-8'?>
<TableSpaceOraclev10g class="oracle.dbtools.crest.model.design.storage.oracle.v10g.TableSpaceOraclev10g" name="USERS" directorySegmentName="seg_0" id="0AC4F13F-4238-C6B6-1CEB-B2FB232D935E">
<sourceConnName>CDO_OKR@local</sourceConnName>
<sourceObjSchema>CDO_OKR</sourceObjSchema>
<sourceObjName>USERS</sourceObjName>
<createdBy>lcast</createdBy>
<createdTime>2022-06-20 16:20:26 UTC</createdTime>
<ownerDesignName>ModeloER</ownerDesignName>
<dsInitialExtent>65536</dsInitialExtent>
<dsMaxExtents>2147483645</dsMaxExtents>
<emUniformSize>0</emUniformSize>
<extentManagement>LOCAL</extentManagement>
<minExtLen>65536</minExtLen>
<dsCompression>NOCOMPRESS</dsCompression>
<encrypt>NO</encrypt>
<fileType>SMALLFILE</fileType>
<inMemory>NO</inMemory>
<dataFiles>
<DataFile class="oracle.dbtools.crest.model.design.storage.oracle.v10g.DataFileOraclev10g" name="USERS01.DBF" id="FFE61B48-96A1-41C0-D199-EFD9AA491498">
<sourceConnName>CDO_OKR@local</sourceConnName>
<sourceObjName>C:\APP\ORACLEHOMEUSER1\ORADATA\ORCL\USERS01.DBF</sourceObjName>
<createdBy>lcast</createdBy>
<createdTime>2022-06-20 17:03:27 UTC</createdTime>
<ownerDesignName>ModeloER</ownerDesignName>
<autoextend>ON</autoextend>
<fileName>C:\APP\ORACLEHOMEUSER1\ORADATA\ORCL\USERS01.DBF</fileName>
<nextBlockSize>1280</nextBlockSize>
<size>11191040</size>
</DataFile>
</dataFiles>
</TableSpaceOraclev10g>